9.73,-0.02,-0.16
9.81,0.06,-0.02
9.79,-0.06,0.12
9.81,0.04,-0.12
9.78,-0.06,0.04
9.44,0.05,-0.23
9.7,-0.05,0.19
9.82,0.01,-0.15
10.05,-0.02,0.15
9.72,0.11,-0.1
9.98,0.02,0
9.69,-0.03,0.12
9.71,0.02,-0.05
9.71,-0.04,-0.2
9.94,-0.02,0.12
9.6,-0.01,0.13
9.76,-0.05,0.18
9.72,0.07,-0.1
9.66,-0.06,-0.05
9.75,0.06,-0.12
9.79,0.02,0.21
9.69,-0.18,-0.1
9.72,0.09,-0.01
10.15,-0.04,0.19
9.78,-0.11,-0.09
9.81,-0.07,0.19
9.8,-0.08,-0.16
9.73,-0.06,-0.07
9.75,-0.06,0
9.91,0.05,0.18
9.98,0.05,-0.16
9.78,-0.14,0.13
9.8,-0.13,-0.03
9.52,-0.13,-0.03
10.17,-0.03,0.14
9.84,-0.18,0.32
9.43,-0.31,0.15
9.74,-0.25,-0.05
10.24,-0.22,-0.04
9.75,-0.28,-0.05
9.81,-0.25,-0.05
9.87,-0.21,-0.08
9.51,-0.31,0.25
10.17,-0.27,0.09
9.54,-0.34,0
9.84,-0.18,0.06
9.89,-0.29,0.07
9.64,-0.32,-0.03
9.82,-0.37,-0.08
9.76,-0.34,-0.14
9.7,-0.43,-0.05
9.74,-0.36,-0.21
9.88,-0.37,0.12
9.6,-0.42,0.11
9.83,-0.41,-0.08
9.85,-0.47,-0.12
9.89,-0.34,-0.17
9.82,-0.45,-0.18
9.9,-0.41,0.15
9.34,-0.46,-0.11
9.98,-0.49,-0.08
9.27,-0.44,0.01
9.35,-0.55,0.1
9.4,-0.41,-0.12
9.81,-0.59,0.33
9.28,-0.51,-0.12
9.37,-0.49,-0.17
9.88,-0.62,0.12
9.59,-0.52,-0.02
10.05,-0.61,-0.09
9.96,-0.56,-0.1
10.57,-0.72,0.02
9.66,-0.5,0.11
9.92,-0.63,0.34
9.41,-0.69,-0.13
9.82,-0.59,0.14
10.26,-0.54,-0.18
9.88,-0.62,-0.03
10.12,-0.55,0.16
9.66,-0.6,0.05
9.97,-0.46,-0.41
9.68,-0.56,-0.36
10.08,-0.54,0.35
10.31,-0.66,-0.13
10.24,-0.54,0.1
9.64,-0.47,-0.05
9.19,-0.51,0.27
10.31,-0.46,-0.02
10.16,-0.5,-0.45
10.06,-0.61,0.27
10.49,-0.41,-0.01
9.69,-0.27,-0.38
10.03,-0.69,0.09
9.32,-0.15,-0.31
9.2,-0.75,-0.29
10.47,-0.3,-0.05
10.32,-0.54,0.24
10.27,-0.66,0.16
9.52,-0.47,-0.32
8.97,-0.4,-0.22
10.22,-0.73,0.35
9.96,-0.14,-0.43
10.03,-0.93,-0.06
10.38,-0.06,0.07
9.66,-0.77,0.25
9.67,-0.37,-0.05
9.87,-0.5,-0.3
9.17,-0.54,-0.48
9.98,-0.54,0.09
10.02,-0.41,-0.28
9.63,-0.63,0.02
10.16,-0.44,0.26
9.39,-0.55,-0.64
9.05,-0.63,-0.41
9.57,-0.66,0.27
9.82,-0.75,0.21
9.64,-1.05,0.01
9.92,-0.89,-0.43
8.97,-1.15,-0.61
9.57,-1.4,-0.35
10.17,-1.01,0.02
9.34,-1.58,0.45
9.3,-1.06,-0.55
9.88,-1.2,-0.23
9.6,-1.06,0.17
10.02,-1.21,0.29
10.16,-1.29,0
9.44,-0.98,-0.19
9.56,-1.49,-0.13
10.14,-1.13,-0.15
9.22,-1.48,-0.2
9.78,-1.25,0.26
9.8,-1.29,-0.19
10.28,-1.36,0.14
10.35,-1.3,0.1
9.45,-1.34,-0.1
8.99,-1.22,-0.46
9.89,-1.22,0.01
10.28,-1.19,0.07
10.34,-1.16,-0.01
10.1,-1.13,0.39
9.84,-1.2,0.01
9.96,-1.3,-0.15
9.23,-1.11,-0.33
9.32,-1.25,-0.55
10.35,-1.24,-0.22
9.45,-1.16,0.25
9.74,-1.31,0.54
10.05,-1.09,-0.09
9.53,-1.27,-0.3
10.22,-1.15,0.05
9.68,-1.24,-0.04
9.74,-1.18,0.34
9.98,-1.01,-0.29
9.3,-1.38,-0.18
9.81,-1.17,-0.02
9.79,-1.07,-0.09
9.7,-1.38,0.01
10.35,-1.05,0.08
9.33,-1.13,0.01
9.75,-1.26,-0.06
9.75,-1.1,-0.33
9.22,-1.31,0.21
9.92,-1.03,0.21
9.56,-1.13,0.23
9.72,-1.39,-0.05
9.65,-0.9,0
9.83,-1.34,0.21
10.08,-1.14,0.3
9.42,-1.26,0.2
9.75,-1.2,0.12
9.45,-1.29,-0.02
9.44,-1.17,-0.02
10.02,-1.31,-0.14
9.33,-1.13,0.04
9.26,-1.31,0.07
9.51,-1.22,-0.24
8.99,-1.34,-0.15
9.95,-1.32,0.22
9.91,-1.24,0.25
10.16,-1.38,0.26
9.54,-1.2,-0.05
9.44,-1.42,0.07
10.35,-1.52,0.36
9.85,-1.28,0.44
9.83,-1.5,0.52
9.76,-1.2,-0.04
9.61,-1.74,-0.02
10.03,-1.25,0.02
9.52,-1.46,0.29
10.68,-1.43,0.01
9.7,-1.13,0.06
10.07,-1.66,0.1
9.87,-1.26,-0.42
9.28,-1.58,-0.08
10.58,-1.08,0.02
9.8,-1.44,0.06
9.44,-1.46,0.06
9.52,-1.31,-0.43
8.91,-1.31,-0.16
9.58,-1.44,0.15
9.77,-1.24,0.16
10.21,-1.51,0
10.04,-1.17,-0.07
10.24,-1.58,0.17
10.28,-1.23,0.21
9.75,-1.48,0.2
9.83,-1.1,-0.05
9.62,-1.33,-0.35
9.24,-1.48,-0.02
9.42,-1.57,-0.24
9.52,-1.87,0.01
10.44,-1.66,-0.13
9.89,-1.9,0.1
10.08,-1.87,-0.04
9.87,-1.75,0.09
9.78,-2.03,0.29
9.52,-1.69,0.27
10.03,-2.08,0.01
9.72,-1.73,-0.42
9.4,-2.04,0.08
9.93,-1.92,0.16
9.63,-1.94,0.31
10.27,-2.11,0.38
10.23,-1.88,-0.09
9.92,-2.12,-0.04
8.92,-2.01,-0.25
9.57,-1.96,-0.23
9.6,-2.15,0.07
9.41,-2.03,-0.06
9.63,-2.24,-0.11
9.81,-1.95,0.09
9.95,-2.32,-0.11
9.96,-2.05,-0.13
9.65,-2.2,0
10,-2.29,-0.45
10.1,-2.14,-0.03
9.89,-2.33,0.13
9.61,-2.05,-0.26
9.45,-2.28,0.07
9.89,-2.25,-0.04
9.82,-2.09,-0.3
9.37,-2.27,-0.16
9.98,-2.27,0.13
9.65,-2.21,0.06
10.21,-2.29,-0.1
10.12,-2.18,0.37
9.74,-2.35,-0.17
9.71,-2.22,0.2
9.66,-2.44,0.07
9.97,-2.05,-0.26
9.99,-2.39,-0.13
9.96,-2.15,0.02
9.47,-2.36,0.06
9.97,-2.25,0.29
10.04,-2.35,-0.17
9.73,-2.36,0.08
9.63,-2.31,-0.09
9.55,-2.17,-0.31
9.73,-2.41,-0.05
10.53,-2.32,0.32
9.55,-2.21,-0.27
10.06,-2.3,0.01
9.62,-2.26,0.15
9.93,-2.27,-0.05
9.62,-2.19,-0.07
9.97,-2.39,0.12
9.92,-2.24,-0.02
9.93,-2.43,-0.06
9.75,-2.29,-0.12
9.78,-2.28,-0.14
9.95,-2.34,0.03
10.15,-2.31,-0.06
9.7,-2.41,-0.05
9.77,-2.22,-0.09
9.77,-2.15,0.05
9.51,-2.42,0.01
10.05,-2.28,0.03
10.15,-2.26,0
9.64,-2.29,-0.08
9.99,-2.39,-0.01
9.77,-2.22,0.03
9.86,-2.31,0.11
9.84,-2.41,0.04
9.94,-2.09,0.05
9.76,-2.52,0.05
10.26,-2.01,0.01
9.59,-2.53,-0.1
9.88,-2.07,0.04
10.11,-2.3,-0.19
10.02,-2.32,0.05
9.87,-2.13,-0.01
9.77,-2.33,-0.04
10.15,-2.14,0.26
9.54,-2.34,-0.03
9.73,-2.24,0.07
9.95,-2.23,0.07
9.72,-2.27,-0.02
9.96,-2.2,0.1
9.98,-2.24,0.07
9.68,-2.26,0.02
10,-2.18,-0.1
9.78,-2.27,0.03
10.04,-2.17,-0.08
9.79,-2.15,0.01
9.75,-2.21,0.07
9.76,-2.18,-0.01
10.01,-2.13,0.09
10,-2.1,-0.06
9.92,-2.24,-0.08
9.63,-2.05,0
9.81,-2.24,0.04
10.11,-2.08,-0.08
9.89,-2.13,-0.03
9.76,-2.16,0.09
9.84,-2.03,0.12
9.84,-2.21,-0.1
9.69,-2.02,-0.01
9.93,-2.11,0.07
9.89,-2.1,0.04
9.79,-2.16,-0.02
9.94,-2.08,-0.01
10.01,-2.12,-0.05
9.83,-2.08,0.01
9.81,-1.93,0.02
9.89,-1.86,0.04
9.75,-1.86,0.08
9.82,-1.95,-0.02
10.02,-1.9,-0.04
9.85,-1.97,0.09
9.78,-1.83,0.06
9.71,-2.24,0.02
10.07,-2.04,0.01
9.65,-2.16,0.03
9.87,-2.26,-0.02
9.88,-2.1,0.04
9.9,-2.07,0.07
9.86,-2.08,-0.03
9.85,-2.01,0.06
9.9,-1.98,0.04
9.91,-2.01,0.03
9.83,-1.95,0.02
9.83,-1.98,0.08
9.87,-1.96,0.01
9.83,-1.99,0
9.84,-1.97,0.02
9.83,-1.97,0.05
9.84,-1.92,0.01
9.87,-1.9,0
9.86,-1.82,0.03
9.84,-1.76,-0.01
9.83,-1.65,-0.02
9.84,-1.6,0.02
9.8,-1.51,0.02
9.91,-1.41,-0.01
9.77,-1.42,0.03
9.83,-1.26,0.01
9.84,-1.2,0.02
9.8,-1.34,0.03
9.85,-1.3,0
9.8,-1.26,0.02
9.84,-1.29,-0.01
9.83,-1.27,0.02
9.8,-1.28,0.05
9.8,-1.28,0
9.87,-1.28,0.01
9.84,-1.29,-0.01
9.79,-1.26,0.07
9.82,-1.28,0.01
9.85,-1.28,0
9.85,-1.25,0.07
9.81,-1.28,0
9.81,-1.27,0.01
9.86,-1.28,0.05
9.83,-1.28,0.03
9.85,-1.26,0.01
9.84,-1.28,0.01
9.85,-1.26,0.01
9.83,-1.3,0.01
9.84,-1.28,0
9.82,-1.28,0.04
9.86,-1.29,0.02
9.77,-1.29,0.01
9.84,-1.28,0.04
9.86,-1.29,0.03
9.82,-1.28,0.02
9.81,-1.3,0.01
9.83,-1.27,0.03
9.84,-1.3,0.04
9.83,-1.28,0.04
9.85,-1.29,0
9.81,-1.31,0
9.83,-1.28,-0.01
9.82,-1.28,0.03
9.85,-1.27,0.01
9.82,-1.28,0
9.83,-1.28,0.02
9.85,-1.28,-0.01
9.83,-1.29,-0.01
9.83,-1.27,-0.02
9.87,-1.28,0.03
9.83,-1.27,-0.02
9.82,-1.28,0.01
9.81,-1.27,0.03
9.83,-1.28,0.01
9.84,-1.28,0.02
9.83,-1.28,0
9.83,-1.27,-0.01
9.83,-1.27,0.02
9.82,-1.26,0
9.81,-1.27,0.02
9.83,-1.28,-0.01
9.82,-1.27,-0.01
9.82,-1.28,0.01
9.85,-1.28,0.01
9.83,-1.28,-0.02
9.81,-1.28,0.03
9.83,-1.28,-0.01
9.82,-1.28,0.01
9.83,-1.26,0.02
9.83,-1.28,0.02
9.82,-1.27,-0.01
9.83,-1.28,0.01
9.83,-1.29,-0.01
9.83,-1.27,0.01
9.82,-1.28,-0.03
9.83,-1.26,-0.02
9.81,-1.27,-0.03
9.82,-1.29,-0.04
9.85,-1.27,0.03
9.83,-1.29,0
9.83,-1.28,0.02
9.82,-1.27,0.01
9.83,-1.27,-0.01
9.83,-1.29,-0.02
9.84,-1.29,0.03
9.82,-1.29,0
9.85,-1.28,-0.03
9.83,-1.28,0.01
9.81,-1.28,0
9.82,-1.29,0
9.83,-1.28,-0.02
9.83,-1.28,0.02
9.83,-1.27,-0.01
9.81,-1.29,0.01
9.83,-1.27,0.03
9.86,-1.28,0.03
9.82,-1.26,0.01
9.83,-1.29,0.02
9.84,-1.28,0.04
9.83,-1.29,0
9.83,-1.29,0.01
9.83,-1.28,0.03
9.84,-1.27,0.02
9.85,-1.31,0.01
9.85,-1.27,0
9.83,-1.27,0.04
9.83,-1.27,0.03
9.81,-1.3,0.02
9.81,-1.28,0.01
9.82,-1.28,-0.03
9.82,-1.28,0
9.82,-1.27,0.04
9.81,-1.27,0.06
9.81,-1.27,0
9.81,-1.27,0
9.83,-1.27,0.01
9.81,-1.28,0.01
9.83,-1.28,0.01
9.82,-1.3,0
9.81,-1.28,0.02
9.84,-1.28,0.01
9.82,-1.29,0.01
9.82,-1.28,0.01
9.84,-1.28,0.04
9.82,-1.28,0.01
9.84,-1.27,0.01
9.81,-1.28,0
9.8,-1.29,0.01
9.83,-1.29,0.04
9.84,-1.27,0.02
9.83,-1.28,0.02
9.82,-1.26,0.02
9.81,-1.28,0.01
9.81,-1.28,0.01
9.81,-1.3,0.01
9.82,-1.28,0.01
9.83,-1.28,-0.02
9.82,-1.29,0
9.81,-1.27,0.01
9.83,-1.3,-0.02
9.8,-1.29,0.05
9.81,-1.28,0
9.82,-1.27,0
9.81,-1.28,0.01
9.83,-1.27,0
9.83,-1.27,0.01
9.82,-1.28,-0.02
9.82,-1.27,0
9.81,-1.29,0
9.82,-1.28,0.03
9.83,-1.28,0
9.84,-1.29,0
9.82,-1.29,0.01
9.82,-1.29,-0.01
9.82,-1.29,0
9.83,-1.28,0
9.82,-1.28,0
9.83,-1.27,0.01
9.81,-1.28,-0.01
9.83,-1.27,0.02
9.83,-1.28,0
9.82,-1.2,0
9.95,-1.18,0
9.57,-1.1,0.02
9.87,-1.15,0
9.81,-1.09,0.02
9.7,-1.01,0.02
9.72,-0.94,-0.01
9.76,-0.84,-0.03
9.78,-0.62,-0.02
9.81,-0.56,-0.01
9.85,-0.5,0.02
9.81,-0.54,0.03
9.8,-0.48,0.02
9.75,-0.49,-0.01
9.83,-0.35,0.01
9.81,-0.32,-0.01
9.81,-0.25,0.03
9.78,-0.15,0.04
9.76,-0.09,0.03
9.76,-0.09,0
9.79,-0.07,0
9.79,-0.11,-0.01
9.78,-0.12,0.02
9.72,-0.15,0.04
9.72,-0.2,0.01
9.81,-0.24,-0.08
9.81,-0.17,0.07
9.77,-0.22,-0.06
9.81,-0.16,0
9.69,-0.17,0.07
9.83,-0.12,0.07
9.89,-0.12,0.01
9.81,-0.16,-0.01
9.73,-0.1,0.01
9.96,-0.17,0.01
9.64,-0.21,0.08
9.82,-0.09,0.03
9.7,-0.26,-0.05
10.1,-0.09,0.01
9.73,-0.22,-0.02
9.76,-0.11,0.13
9.67,-0.15,-0.02
10.04,-0.14,0.12
9.75,-0.25,0.01
9.67,-0.18,0.08
9.93,-0.13,0.02
9.76,-0.2,0.06
9.87,-0.2,0.01
9.88,-0.23,-0.18
9.73,-0.09,0.06
9.76,-0.27,0.04
9.86,-0.22,0.14
9.9,-0.15,0.11
9.66,-0.17,0.18
10.09,-0.22,0.15
9.66,-0.12,0.07
9.86,-0.18,-0.02
9.83,-0.16,-0.02
9.59,-0.21,0.05
9.65,-0.22,0.02
9.71,-0.19,-0.01
10.11,-0.12,0.04
9.62,-0.39,-0.08
9.83,-0.14,-0.22
9.77,-0.26,0.03
9.83,-0.2,0.18
9.64,-0.2,0.05
9.69,-0.23,0.09
9.72,-0.18,0.21
9.58,-0.31,-0.09
9.55,-0.12,0.03
9.68,-0.3,0.04
10.09,-0.18,-0.06
10.14,-0.12,0.09
10.03,-0.2,0
9.69,-0.37,0.08
9.55,-0.09,-0.01
9.51,-0.23,-0.18
9.72,-0.21,0.09
9.92,-0.26,-0.13
9.73,-0.16,0.01
10.03,-0.17,0.12
9.11,-0.27,-0.27
10.31,-0.13,-0.18
9.89,-0.22,-0.02
9.59,-0.32,0.1
10.04,-0.26,-0.18
9.1,-0.33,0.1
10.04,-0.23,0.29
9.9,-0.35,-0.13
9.75,-0.36,-0.19
9.84,-0.28,0.08
9.66,-0.4,-0.09
9.37,-0.33,-0.16
9.79,-0.45,0.05
10.1,-0.42,0.12
9.95,-0.44,0.11
9.76,-0.41,0.02
9.73,-0.47,-0.02
9.52,-0.34,-0.34
9.82,-0.56,-0.23
10.06,-0.43,-0.22
9.85,-0.56,0.27
9.56,-0.44,0.06
9.5,-0.5,0.16
9.95,-0.41,-0.09
9.48,-0.55,0.11
9.69,-0.54,0.31
9.65,-0.48,-0.15
10.15,-0.58,-0.04
9.61,-0.56,-0.1
9.74,-0.47,0.01
9.54,-0.68,0.14
10.14,-0.5,0
9.81,-0.66,0.03
9.56,-0.45,-0.09
10.1,-0.71,0.3
10.2,-0.62,-0.1
9.77,-0.52,0.19
9.61,-0.76,-0.08
9.62,-0.53,-0.2
9.95,-0.72,-0.35
10.37,-0.63,0.14
10.04,-0.71,0.19
9.64,-0.43,0.08
10.95,-0.73,0.08
10.49,-0.8,-0.54
9.34,-0.45,0.17
9.22,-0.67,-0.22
10.44,-0.64,0.08
10.2,-0.66,-0.06
10.3,-0.76,0.16
9.57,-0.47,-0.36
9.38,-0.74,-0.48
9.03,-0.72,-0.3
9.26,-0.74,-0.44
9.61,-0.56,-0.43
10.19,-0.75,-0.14
10.1,-0.82,0.04
9.18,-0.85,-0.11
9.63,-0.71,0.19
10.12,-0.71,-0.6
9.9,-0.8,-0.31
9.69,-0.76,-0.63
9.63,-0.8,0.04
9.69,-0.86,-0.38
9.64,-0.74,-0.38
9.38,-0.8,-0.1
10.2,-0.78,0.14
9.75,-0.87,-0.3
9.91,-0.89,-0.01
9.72,-0.82,-0.45
10.17,-0.88,0.01
10.3,-0.87,0
9.54,-0.91,-0.41
9.66,-0.93,-0.45
10.3,-0.89,-0.37
10.21,-0.79,0.13
10.18,-0.94,-0.31
10.37,-0.79,-0.28
10.04,-0.84,-0.45
9.88,-0.69,-0.26
9.68,-0.9,-0.04
10.11,-0.76,-0.35
9.94,-0.59,-0.56
10.31,-0.86,0.24
10.28,-0.82,-0.33
9.54,-0.72,-0.87
9.56,-0.68,-0.75
10.21,-0.71,-0.44
9.83,-0.72,0.08
10.09,-0.79,-0.09
10.36,-0.53,-0.24
9.81,-0.7,-0.3
9.87,-0.63,-0.51
10.08,-0.77,-0.09
10.42,-0.63,0.26
9.69,-0.62,-0.93
9.46,-0.63,-0.91
9.27,-0.55,-0.44
10.08,-0.68,0.15
9.61,-0.57,0.06
8.91,-0.65,0.2
9.67,-0.54,-0.37
9.28,-0.43,-0.22
9.3,-0.59,-0.41
10.61,-0.57,-0.06
9.94,-0.69,-0.52
9.32,-0.92,-0.18
10.2,-1.03,-0.08
10.08,-0.89,-0.02
9.47,-1.15,-0.04
10.49,-0.93,0.44
9.69,-1.27,0.19
9.89,-1.04,-0.22
10.19,-1.08,0.21
9.06,-1.05,0.55
10.1,-1.2,0.08
10.27,-1.04,0.12
9.36,-1.22,0.13
9.64,-1.2,0.19
9.59,-1.06,-0.18
9.89,-1.22,0.05
10.01,-1.05,0.35
9.36,-1.12,0.3
9.96,-1.14,0.07
9.95,-1.02,0.07
9.07,-1.09,0.63
10.01,-0.97,0.48
9.77,-1.08,-0.37
9.64,-1.1,0.15
10.23,-1.1,0.12
9.61,-1.3,0.52
10.01,-1.1,0.43
9.68,-1.37,0.18
9.35,-1.01,0.22
10.34,-1.3,0.29
9.25,-1.26,0.45
9.31,-1.27,-0.22
10.12,-1.23,0.14
9.43,-1.31,0.12
9.96,-1.18,0.31
9.2,-1.43,0.08
9.78,-1.2,-0.03
9.99,-1.4,0.35
9.29,-1.23,0.13
9.59,-1.35,0.25
9.07,-1.36,-0.06
9.62,-1.32,-0.18
10.12,-1.34,-0.04
9.92,-1.41,0.54
10.27,-1.34,0.2
9.69,-1.42,-0.03
9.83,-1.43,-0.15
9.82,-1.42,0.04
10.39,-1.45,0.09
10.46,-1.31,0.32
9.47,-1.51,0.08
9.59,-1.44,-0.41
9.72,-1.38,-0.29
9.75,-1.43,0.11
9.89,-1.45,-0.03
9.95,-1.27,0.48
10.02,-1.37,-0.16
9.73,-1.31,-0.29
9.45,-1.38,-0.09
9.73,-1.38,-0.25
9.88,-1.36,0
9.75,-1.36,-0.09
9.39,-1.31,-0.01
10.46,-1.34,-0.14
9.7,-1.25,-0.28
9.43,-1.45,-0.27
9.55,-1.26,0
10.15,-1.21,-0.12
9.65,-1.46,0.43
9.97,-1.36,-0.08
10.41,-1.25,-0.02
9.65,-1.42,-0.31
9.94,-1.32,0.25
9.53,-1.45,-0.1
9.95,-1.16,0.07
9.65,-1.49,-0.36
10.01,-1.15,-0.33
10.12,-1.52,0.01
10.08,-1.26,0.11
9.89,-1.28,-0.39
9.9,-1.28,-0.14
10,-1.41,-0.01
9.3,-1.29,0.22
9.8,-1.37,-0.01
9.89,-1.28,-0.33
9.61,-1.25,-0.41
10.28,-1.3,0.01
10.62,-1.19,0.52
10.16,-1.39,-0.16
9.95,-1.29,0.13
9.84,-1.26,-0.53
9.23,-1.23,-0.34
9.67,-1.45,-0.3
9.82,-1.25,-0.14
9.85,-1.34,-0.69
9.89,-1.63,-0.08
9.86,-1.64,-0.13
9.63,-1.74,0.04
9.79,-1.71,0.05
9.82,-1.86,-0.48
9.73,-1.65,-0.3
9.81,-1.88,-0.33
10.51,-1.75,-0.16
9.83,-1.86,-0.34
9.21,-1.73,-0.28
10.43,-1.78,-0.16
9.83,-1.82,-0.31
9.91,-1.86,-0.35
9.81,-1.87,-0.06
9.72,-1.93,-0.44
9.97,-1.97,-0.19
10.08,-1.93,-0.34
9.79,-1.93,0.11
10.51,-1.89,-0.45
9.83,-2.02,-0.07
10.13,-1.8,-0.62
9.91,-1.87,-0.38
9.43,-2.01,-0.36
9.84,-1.9,-0.02
9.74,-2.08,-0.14
9.79,-1.9,-0.55
9.6,-2.19,-0.14
9.92,-2,0.08
9.47,-2.13,-0.54
10.18,-2.19,0
9.97,-2.17,0.27
9.43,-2.24,-0.42
10.22,-2.16,0.03
9.84,-2.26,0.08
9.75,-2.26,-0.01
9.58,-2.25,-0.32
9.81,-2.19,-0.36
10.27,-2.27,-0.11
10.27,-2.3,0.2
9.92,-2.31,0.18
9.29,-2.39,-0.3
9.55,-2.28,0.02
10.23,-2.25,0.12
10.03,-2.3,0.19
10.11,-2.27,0.19
9.49,-2.38,-0.01
9.62,-2.21,-0.12
10.16,-2.25,-0.35
10.04,-2.39,-0.1
9.76,-2.13,0.01
10.2,-2.37,0.08
9.61,-2.3,-0.02
10.17,-2.11,0.18
9.79,-2.33,0.19
10.01,-2.11,0.13
9.63,-2.21,0.01
10.03,-2.29,-0.02
10.06,-2.14,0.06
9.97,-2.16,0
9.71,-2.33,-0.03
9.95,-2.16,-0.05
9.94,-2.15,0
9.76,-2.17,0.02
10.03,-2.28,0.1
10.02,-2.12,0.08
9.72,-2.23,-0.03
9.81,-2.1,-0.2
9.88,-2.12,-0.1
9.87,-2.23,0.2
9.92,-2.14,-0.03
9.86,-2.1,-0.02
9.86,-2.22,0.07
9.9,-2.12,0.05
9.92,-2.16,0.11
9.74,-2.21,0.07
9.81,-2.11,0
9.78,-2.21,0.15
10.04,-2.06,-0.04
9.68,-2.14,-0.2
9.54,-2.1,0.03
10.07,-2.22,0.21
9.97,-2.08,-0.03
9.76,-2.17,-0.08
9.65,-2.06,0.01
9.96,-2.18,0.12
9.9,-2.12,-0.02
9.77,-2.04,0.14
9.81,-2.06,-0.05
10.02,-2.09,-0.01
9.82,-2.06,0.12
9.8,-2.14,0.08
9.96,-2.05,0.2
9.72,-2.09,0.03
9.93,-2.04,0.08
9.81,-2.05,-0.06
9.95,-2.07,0.07
9.71,-2.03,0
9.78,-2.01,0.13
9.85,-2.05,-0.06
9.61,-2.06,-0.06
9.94,-2.09,0.09
9.87,-2.12,0.03
9.93,-1.97,0.03
9.71,-1.91,-0.06
9.85,-1.88,-0.05
9.98,-1.91,0.12
9.71,-1.92,0.01
9.91,-1.93,0.01
9.97,-1.78,-0.04
9.68,-2.11,0.08
9.84,-1.98,-0.04
9.79,-2.03,-0.07
9.97,-2.05,0.13
9.76,-1.97,0.01
9.88,-1.99,0.07
9.87,-1.89,0.02
9.82,-1.91,0.05
9.83,-1.83,0.06
9.8,-1.9,0.09
9.86,-1.87,0.07
9.88,-1.89,0.02
9.89,-1.87,0.02
9.83,-1.91,0.02
9.89,-1.88,0.09
9.9,-1.91,0.06
9.81,-1.85,0.03
9.86,-1.84,0.04
9.84,-1.81,0.05
9.87,-1.74,0.04
9.83,-1.68,0.01
9.84,-1.62,-0.01
9.85,-1.57,0.04
9.84,-1.48,0.09
9.93,-1.38,0.05
9.83,-1.07,0.04
9.78,-1.18,0.05
9.87,-1.26,0.03
9.8,-1.19,0.04
9.82,-1.19,0.03
9.82,-1.25,-0.02
9.87,-1.19,-0.01
9.76,-1.2,0.06
9.85,-1.19,0.02
9.88,-1.21,-0.04
9.79,-1.2,0.04
9.82,-1.2,0.07
9.9,-1.2,0.08
9.71,-1.19,0.03
9.79,-1.2,-0.02
9.85,-1.17,-0.01
9.82,-1.2,0.02
9.87,-1.21,0.04
9.86,-1.2,-0.03
9.75,-1.19,0.06
9.81,-1.21,0.04
9.84,-1.2,0.01
9.81,-1.19,0.07
9.8,-1.22,0
9.88,-1.19,-0.01
9.83,-1.21,0.09
9.76,-1.2,0.02
9.82,-1.19,0
9.86,-1.18,0.03
9.84,-1.21,0.02
9.77,-1.2,-0.01
9.81,-1.2,0.02
9.86,-1.21,0.03
9.81,-1.19,0.01
9.8,-1.21,0.01
9.86,-1.22,0.01
9.83,-1.2,0.03
9.81,-1.19,0.03
9.81,-1.2,-0.01
9.83,-1.22,0.04
9.83,-1.22,0.02
9.83,-1.21,0.03
9.82,-1.23,0.02
9.85,-1.2,0.02
9.84,-1.2,0.06
9.81,-1.21,0.02
9.84,-1.21,0.01
9.83,-1.21,0.02
9.82,-1.22,0.03
9.84,-1.21,0.01
9.82,-1.21,0.02
9.82,-1.21,0.02
9.84,-1.2,0.02
9.83,-1.19,0.02
9.84,-1.21,0.03
9.84,-1.18,0
9.83,-1.21,0.01
9.83,-1.2,0.04
9.83,-1.19,0.02
9.83,-1.2,0.02
9.81,-1.21,0.04
9.81,-1.21,0.02
9.82,-1.2,0.02
9.83,-1.21,0.01
9.82,-1.19,-0.02
9.81,-1.2,0.03
9.82,-1.21,0.01
9.84,-1.21,0.02
9.83,-1.2,0.01
9.84,-1.19,0.02
9.83,-1.21,0.05
9.84,-1.23,0
9.8,-1.2,0
9.82,-1.19,0.01
9.85,-1.21,-0.02
9.82,-1.22,0.01
9.82,-1.2,0.07
9.81,-1.23,0.03
9.82,-1.2,0.01
9.8,-1.23,0.01
9.83,-1.19,0
9.8,-1.21,0
9.83,-1.19,-0.01
9.82,-1.19,0.04
9.79,-1.2,0
9.82,-1.2,0.04
9.82,-1.21,0.01
9.83,-1.2,0.02
9.84,-1.21,0.01
9.82,-1.21,0.02
9.84,-1.21,0.02
9.84,-1.2,0.03
9.82,-1.2,0.01
9.84,-1.21,0.01
9.82,-1.2,-0.02
9.8,-1.21,0.04
9.81,-1.2,0.01
9.83,-1.19,0
9.82,-1.21,0.01
9.83,-1.2,-0.01
9.84,-1.21,0.03
9.85,-1.2,0
9.83,-1.19,-0.01
9.83,-1.2,0.03
9.81,-1.22,0.02
9.84,-1.2,0.02
9.81,-1.21,0.03
9.86,-1.19,0.03
9.85,-1.2,0.03
9.83,-1.2,0.02
9.84,-1.19,0.03
9.85,-1.21,0.01
9.83,-1.2,0.02
9.83,-1.2,0.03
9.83,-1.2,0.01
9.83,-1.21,0.01
9.85,-1.2,0.02
9.81,-1.19,0.04
9.82,-1.22,0.04
9.83,-1.19,0.06
9.81,-1.21,0
9.82,-1.21,-0.02
9.83,-1.21,0
9.84,-1.2,0.02
9.83,-1.21,0
9.85,-1.2,0.04
9.82,-1.22,0.03
9.86,-1.21,0.01
9.82,-1.2,0.01
9.83,-1.21,0.05
9.84,-1.2,0.06
9.85,-1.2,0
9.85,-1.19,0.05
9.82,-1.2,0.01
9.85,-1.21,0.02
9.84,-1.21,0.03
9.85,-1.21,0
9.81,-1.23,0
9.84,-1.2,0.01
9.82,-1.22,0
9.82,-1.18,0.04
9.83,-1.19,0.01
9.81,-1.2,0.01
9.83,-1.21,0.01
9.83,-1.2,0.01
9.84,-1.2,0.01
9.84,-1.19,0
9.83,-1.21,0.01
9.81,-1.19,0.02
9.83,-1.19,0.02
9.82,-1.21,0
9.81,-1.21,0.01
9.83,-1.21,0.06
9.82,-1.19,0
9.83,-1.21,0
9.84,-1.22,0.03
9.82,-1.2,0.03
9.83,-1.2,0
9.83,-1.2,0
9.82,-1.18,-0.01
9.82,-1.2,0.02
9.83,-1.21,0.02
9.86,-1.2,0.02
9.85,-1.2,0.04
9.85,-1.19,0.03
9.82,-1.19,-0.01
9.83,-1.19,0.01
9.83,-1.22,0.04
9.84,-1.21,0.01
9.84,-1.19,0.01
9.84,-1.21,0.03
9.84,-1.2,0
9.82,-1.21,0.03
9.83,-1.21,-0.01
9.84,-1.18,0.03
9.84,-1.21,0.03
9.8,-1.18,0.06
9.83,-1.19,0.04
9.82,-1.2,0.02
9.83,-1.22,0.01
9.82,-1.19,0
9.85,-1.2,0
9.84,-1.2,0.01
9.83,-1.2,0.04
9.82,-1.21,0.01
9.85,-1.2,0.06
9.83,-1.21,0.02
9.83,-1.2,-0.01
9.72,-1.2,-0.1
9.78,-1.22,0.04
9.86,-1.19,-0.01
9.85,-1.19,-0.02
9.83,-1.2,0.02
9.84,-1.22,0.01
9.83,-1.21,0
9.84,-1.19,0.02
9.84,-1.22,0.03
9.82,-1.19,0.04
9.82,-1.22,0.03
9.82,-1.2,0.02
9.82,-1.21,0.02
9.8,-1.21,0.03
9.82,-1.21,0.04
9.81,-1.2,0.03
9.85,-1.2,0.01
9.84,-1.21,0.02
9.82,-1.21,0.04
9.82,-1.21,0.02
9.84,-1.19,-0.01
9.83,-1.21,0.03
9.82,-1.22,0.01
9.83,-1.21,-0.01
9.79,-1.12,0.02
9.85,-1.05,0
9.81,-1,0.02
9.72,-1.06,-0.01
9.8,-1.06,0.02
9.79,-1.04,0.01
9.75,-0.88,0.02
9.81,-0.55,0.02
9.79,-0.46,-0.01
9.85,-0.29,0.04
9.71,-0.31,0.11
9.74,-0.39,0.02
9.82,-0.33,0.06
9.84,-0.24,0.03
9.79,-0.14,0.02
9.83,-0.16,0.02
9.79,-0.05,0.02
9.82,0,-0.02
9.78,0.12,0.03
9.76,0.13,0.03
9.78,0.12,0.05
9.81,0.08,0.08
9.84,0.11,0.01
9.68,0.05,0.03
9.73,-0.03,-0.02
9.77,0,-0.01
9.73,-0.05,0.02
9.86,-0.02,0.13
9.67,0,-0.07
9.8,0.08,0.09
9.73,0.07,0
9.86,0.07,0.03
9.8,0.08,0.1
9.89,0.13,0.04
9.67,0.01,-0.06
9.79,0.04,0.02
9.7,0,0.06
10.03,0.05,0.09
9.86,0.04,-0.09
9.93,-0.01,-0.03
9.73,0.09,0.04
9.72,0.03,0
9.81,0.05,0.02
10.08,0.02,-0.09
9.85,0.02,0.03
9.67,0.05,0
9.62,-0.04,0.04
9.76,0.01,-0.17
9.85,-0.08,0
9.86,0.03,0.26
9.88,0.01,-0.02
9.68,0.02,0.01
9.88,0,0.08
9.87,0,0.12
9.6,-0.02,0.15
9.77,0.07,-0.2
9.92,0.05,-0.07
9.88,-0.02,-0.06
9.73,0.08,-0.09
9.71,-0.02,-0.15
9.83,-0.02,0.05
9.57,0.03,0.02
9.87,0.06,0.18
9.67,-0.01,0.06
10.01,0.01,0.3
9.53,-0.07,0.06
9.96,0.01,0.05
9.67,0.02,-0.06
9.65,-0.05,0.01
9.94,0.02,-0.08
9.67,0,-0.05
9.76,0.05,-0.05
9.85,0.07,-0.01
9.78,-0.06,0.06
9.56,-0.13,-0.1
9.91,-0.09,-0.08
9.47,-0.08,-0.05
9.81,-0.06,0.21
10.02,-0.17,0.3
9.68,-0.12,-0.22
9.59,-0.22,-0.17
9.85,-0.19,-0.08
9.89,-0.19,0.39
9.96,-0.28,0.23
9.85,-0.15,0.06
9.68,-0.34,-0.34
10.04,-0.26,-0.11
9.71,-0.2,-0.05
9.7,-0.21,-0.07
9.73,-0.38,0.04
10.05,-0.27,-0.11
9.6,-0.25,0.07
9.82,-0.3,0.02
9.7,-0.39,0.26
9.94,-0.35,-0.18
9.94,-0.54,0.17
9.89,-0.34,-0.07
9.57,-0.59,0.06
9.57,-0.46,-0.25
10.29,-0.3,0.17
9.93,-0.61,0.02
9.77,-0.43,0.01
9.86,-0.52,0
9.78,-0.5,0.16
9.96,-0.56,0.17
9.88,-0.57,0.29
10,-0.39,0.07
10.01,-0.64,-0.02
10.44,-0.49,0.13
9.95,-0.59,-0.13
9.97,-0.62,0.3
9.29,-0.64,-0.14
9.82,-0.6,0.22
9.55,-0.54,-0.36
9.55,-0.59,-0.16
9.93,-0.57,0.18
10.31,-0.48,0.16
10.04,-0.75,0.14
10.14,-0.56,0.14
10.36,-0.6,-0.31
10.01,-0.61,0.1
10.79,-0.79,0.26
9.97,-0.65,-0.18
9.7,-0.62,-0.33
9.66,-0.65,-0.38
10.19,-0.53,0.07
10.71,-0.64,0.21
9.89,-0.55,-0.21
9.71,-0.52,-0.36
9.61,-0.63,-0.49
9.75,-0.58,0.03
9.88,-0.57,-0.02
9.91,-0.51,-0.15
9.93,-0.57,-0.45
9.88,-0.41,-0.23
10.09,-0.52,-0.07
10.59,-0.49,-0.43
9.97,-0.39,-0.33
9.56,-0.41,-0.37
9.81,-0.56,-0.14
9.48,-0.52,-0.28
9.91,-0.29,-0.29
9.45,-0.65,-0.4
10.62,-0.29,-0.18
10.78,-0.56,0.26
9.99,-0.4,0.28
9.69,-0.44,-0.4
9.78,-0.35,-0.54
10.01,-0.55,-0.28
10.43,-0.02,-0.24
9.34,-0.56,-0.42
9.65,-0.16,-0.13
9.5,-0.51,0.21
9.28,-0.18,0.15
9.98,-0.18,-0.56
9.55,-0.48,-0.44
9.13,-0.29,0.08
9.47,-0.53,-0.2
9.28,-0.18,-0.76
9.38,-0.54,-0.37
10.05,-0.38,-0.15
9.36,-0.44,-0.65
8.86,-0.53,-0.33
9.96,-0.4,-0.3
9.53,-0.61,-0.15
9.31,-0.34,0.28
9.81,-0.63,-0.15
9,-0.44,-0.76
9.02,-0.46,-0.42
10.12,-0.61,-0.22
9.53,-0.45,-0.44
9.09,-0.56,-0.57
9.84,-0.51,-0.4
9.74,-0.56,-0.08
9.02,-0.56,-0.13
9.64,-0.64,-0.72
9.51,-0.72,-0.87
9.18,-0.61,-0.02
9.89,-0.84,0.02
9.74,-0.83,-0.51
9.41,-0.92,-0.22
9.82,-1.28,-0.01
9.77,-1.22,-0.03
9.53,-1.37,-0.37
9.8,-1.39,-0.7
10.18,-1.2,-0.42
9.78,-1.25,-0.47
9.81,-1.21,-0.29
9.98,-1.41,-0.15
9.87,-1.16,-0.31
10.05,-1.41,0.06
9.77,-1.4,-0.54
9.57,-1.42,-0.83
9.36,-1.42,-0.47
10.07,-1.46,-0.2
9.74,-1.35,-0.13
8.85,-1.44,-0.61
9.69,-1.35,-0.34
10.27,-1.36,0.13
9.99,-1.32,0.05
9.47,-1.33,0.18
9.87,-1.34,0.16
9.75,-1.29,-0.42
9.42,-1.36,0.02
10.25,-1.24,-0.08
9.83,-1.28,-0.19
9.66,-1.28,0.22
9.92,-1.43,0.13
10.06,-1.19,-0.13
9.81,-1.41,0.43
10.15,-1.25,0.09
10.03,-1.35,0.08
8.98,-1.41,0.12
10.13,-1.33,-0.08
10.52,-1.39,0.35
9.22,-1.23,0.23
9.82,-1.48,-0.14
9.88,-1.19,-0.32
9.35,-1.5,-0.12
9.67,-1.26,-0.01
10.09,-1.44,-0.04
9.31,-1.4,0.06
9.83,-1.44,-0.26
10.39,-1.31,0.08
9.61,-1.41,-0.18
9.68,-1.45,-0.26
10.15,-1.31,0.12
9.58,-1.51,0.2
10.03,-1.23,-0.15
10.18,-1.43,0.01
9.47,-1.31,0.27
9.96,-1.45,0.16
10.27,-1.36,0.29
9.27,-1.36,0.31
9.73,-1.38,-0.12
10.22,-1.26,-0.24
10.27,-1.93,0.34
10.13,-1.71,0.17
9.96,-1.9,-0.1
9.79,-2.04,-0.09
10.05,-1.87,-0.2
9.72,-1.79,0.08
9.89,-1.94,0.38
10.16,-1.85,0.06
9.59,-1.66,-0.25
10.06,-2.11,0.2
10.34,-1.46,0.22
9.54,-1.53,0.45
9.8,-1.32,-0.2
9.49,-1.49,-0.1
9.28,-1.42,-0.09
10.33,-1.66,0.24
9.56,-1.75,-0.11
9.44,-2.43,-0.08
10.02,-2.1,0.07
9.48,-2.56,0.13
10.47,-2.35,-0.03
8.98,-2.5,-0.14
10.02,-2.15,0.15
9.82,-2.52,-0.15
10.03,-2.07,0.04
9.99,-2.59,0.11
9.55,-2.08,-0.03
9.88,-2.66,0.21
9.68,-2.57,-0.31
10.04,-2.92,0.11
9.77,-2.9,0.05
10.14,-2.88,0.16
10.14,-2.72,-0.12
9.82,-2.64,0.01
9.74,-2.35,-0.11
10,-2.19,0.15
10.08,-2.27,0.01
9.81,-2.08,-0.02
9.93,-2.06,-0.25
10,-2.02,0.2
9.65,-2.13,-0.08
9.74,-2.16,0.2
9.76,-2.13,-0.01
10.24,-2.16,-0.03
9.62,-2.07,-0.02
10.25,-2.03,-0.29
9.69,-2.14,0.14
9.78,-2.09,-0.21
9.68,-2.11,0.26
9.95,-2.03,-0.22
10.17,-2.04,0.07
9.6,-1.97,-0.12
10.39,-2.09,-0.04
9.28,-2.08,-0.11
9.78,-2.15,0.15
9.73,-2.18,0.14
10.09,-2.12,0.14
9.87,-2.15,-0.29
9.6,-2.09,-0.01
10.13,-2.14,0.02
9.96,-2.04,0.07
9.55,-2.19,-0.01
10.03,-2.07,-0.34
9.42,-2.09,-0.35
10.15,-2.08,0.06
9.87,-2.08,0.03
10.11,-2.08,-0.09
9.97,-1.98,0.04
9.81,-2.25,0.22
9.52,-2.16,0.08
9.93,-1.97,0.01
9.99,-2.13,0.03
9.74,-2.18,0.15
10.39,-2.1,0.15
9.66,-2.06,-0.22
9.67,-2.13,0.08
10.1,-2.09,-0.06
10.06,-2.12,-0.05
9.79,-2.25,-0.1
9.96,-2,-0.16
9.74,-2.27,-0.01
9.75,-2.2,0
10.02,-1.97,0.14
9.85,-2.21,-0.1
9.62,-2.03,0.09
9.56,-2.16,-0.12
10,-2.05,-0.09
9.93,-2.05,0.17
9.84,-2.23,0.04
9.92,-1.98,0.04
9.95,-2.23,-0.01
9.73,-2.06,0.1
9.64,-2.15,-0.09
9.93,-2.08,-0.09
10.16,-2.21,0.1
9.65,-2.04,-0.18
9.55,-2.19,0.12
9.95,-1.99,-0.18
10.01,-2.14,0.1
9.39,-2.1,0.02
9.88,-2.13,-0.15
9.99,-2.09,0.11
9.89,-2.13,-0.01
10.08,-2.11,0.04
9.62,-2.14,-0.05
9.7,-2.1,0.07
9.95,-2.04,-0.04
9.82,-2.05,-0.01
9.92,-2.14,0.04
9.78,-2.11,0.06
9.8,-2.07,-0.03
9.87,-2.06,-0.02
9.99,-2.1,0.21
9.96,-2.05,0.04
9.78,-2.11,-0.1
9.81,-2.14,0.14
9.71,-2.04,0
9.9,-2.1,-0.13
9.87,-1.99,-0.02
10,-2.11,0.09
9.8,-2.07,0.07
9.82,-2.09,-0.05
9.83,-2.04,0.03
9.83,-2.05,-0.03
9.94,-2.01,0.04
9.8,-2.08,0.03
9.8,-2.07,-0.02
9.84,-2.07,-0.02
9.86,-2.04,-0.03
9.91,-1.89,0.09
9.82,-1.75,0.01
9.88,-1.75,-0.03
9.89,-1.78,0.01
9.86,-1.84,0.02
9.78,-1.9,0.07
9.92,-1.93,0
9.88,-1.91,0.01
9.86,-2.02,0.08
9.9,-1.97,-0.01
9.9,-1.91,0.07
9.9,-1.93,0.05
9.96,-1.88,0.08
9.88,-1.92,-0.02
9.83,-1.93,-0.03
9.91,-1.98,0.02
9.91,-2.05,-0.04
9.93,-2.08,0.02
9.87,-2.14,0.01
9.83,-2.19,0.05
9.78,-2.21,-0.02
9.92,-2.23,0.04
9.86,-2.18,0.05
9.8,-2.12,0.02
9.85,-2.03,0.02
9.93,-1.76,-0.02
9.87,-0.75,0.01
9.56,-1.03,0.08
9.8,-1.53,0.04
10.1,-1.14,-0.06
9.77,-1.04,0.02
9.74,-1.32,0.02
9.91,-1.21,0.03
9.79,-1.09,0.03
9.75,-1.25,0
9.85,-1.2,-0.02
9.85,-1.16,0.01
9.81,-1.21,0.01
9.81,-1.18,0.04
9.89,-1.22,-0.02
9.81,-1.2,0.05
9.82,-1.19,0.13
9.87,-1.2,0.06
9.76,-1.19,-0.02
9.8,-1.19,0.03
9.85,-1.18,0.1
9.79,-1.22,-0.04
9.87,-1.19,-0.08
9.9,-1.2,0.05
9.88,-1.19,0.01
9.75,-1.19,0.04
9.79,-1.19,0.02
9.87,-1.19,-0.01
9.83,-1.21,0.08
9.78,-1.21,0.02
9.8,-1.2,-0.01
9.86,-1.18,0.01
9.87,-1.19,0
9.83,-1.2,0
9.82,-1.19,0
9.82,-1.21,0.02
9.83,-1.17,0.01
9.83,-1.19,0.02
9.81,-1.2,0.01
9.82,-1.19,0.01
9.84,-1.21,0.02
9.81,-1.2,-0.01
9.81,-1.19,0.03
9.85,-1.2,0.01
9.84,-1.18,-0.03
9.8,-1.2,0.03
9.83,-1.2,-0.03
9.88,-1.19,0.04
9.81,-1.19,0
9.78,-1.19,-0.02
9.83,-1.21,0.04
9.83,-1.2,0
9.79,-1.2,0.03
9.82,-1.22,0
9.81,-1.19,0.02
9.82,-1.2,0
9.83,-1.19,0
9.81,-1.2,0
9.81,-1.2,-0.01
9.83,-1.19,-0.02
9.81,-1.19,-0.01
9.83,-1.21,-0.01
9.81,-1.21,-0.02
9.81,-1.19,-0.03
9.83,-1.22,-0.01
9.82,-1.2,-0.02
9.84,-1.2,0.03
9.85,-1.2,-0.02
9.82,-1.19,-0.03
9.81,-1.17,-0.03
9.85,-1.18,0.01
9.78,-1.19,0
9.84,-1.19,-0.02
9.82,-1.19,-0.04
9.82,-1.19,0.02
9.84,-1.22,0.01
9.83,-1.2,-0.01
9.81,-1.18,-0.02
9.81,-1.18,0
9.81,-1.2,-0.01
9.82,-1.2,-0.03
9.82,-1.19,0
9.8,-1.19,0
9.86,-1.2,0
9.8,-1.2,-0.02
9.84,-1.2,-0.02
9.83,-1.2,-0.03
9.83,-1.2,-0.02
9.83,-1.2,0.02
9.83,-1.19,-0.02
9.83,-1.19,0
9.85,-1.19,-0.01
9.82,-1.2,-0.03
9.83,-1.2,0.02
9.85,-1.2,-0.01
9.84,-1.2,0.04
9.83,-1.18,0.02
9.82,-1.19,0
9.85,-1.18,-0.01
9.85,-1.19,-0.01
9.81,-1.19,0
9.83,-1.19,0.01
9.83,-1.19,0.01
9.84,-1.19,0.01
9.84,-1.2,-0.03
9.82,-1.19,0.01
9.81,-1.21,-0.01
9.83,-1.19,0
9.84,-1.19,-0.01
9.82,-1.21,-0.01
9.84,-1.19,-0.01
9.82,-1.19,0.02
9.85,-1.17,-0.01
9.83,-1.18,0.04
9.82,-1.2,-0.01
9.8,-1.19,-0.01
9.83,-1.18,-0.01
9.83,-1.2,-0.02
9.84,-1.17,0
9.84,-1.19,0
9.82,-1.19,-0.02
9.82,-1.19,0
9.82,-1.18,0
9.83,-1.17,0.02
9.83,-1.21,0
9.82,-1.21,-0.02
9.81,-1.2,0
9.83,-1.19,-0.01
9.82,-1.19,0.03
9.83,-1.18,0.01
9.82,-1.19,0.01
9.84,-1.19,-0.02
9.83,-1.19,0.03
9.82,-1.19,-0.03
9.84,-1.19,-0.05
9.84,-1.18,-0.02
9.81,-1.2,0.01
9.84,-1.2,0
9.79,-1.21,-0.01
9.82,-1.19,0.02
9.83,-1.19,-0.02
9.82,-1.19,0
9.84,-1.18,-0.03
9.84,-1.19,0
9.8,-1.21,0
9.82,-1.19,0.02
9.81,-1.18,0.01
9.83,-1.19,-0.02
9.83,-1.19,-0.02
9.82,-1.19,-0.02
9.82,-1.2,-0.03
9.81,-1.2,0
9.82,-1.19,-0.03
9.8,-1.2,-0.01
9.84,-1.2,-0.02
9.83,-1.2,0.03
9.84,-1.2,-0.02
9.83,-1.2,-0.03
9.81,-1.2,-0.03
9.83,-1.19,-0.01
9.83,-1.19,0.01
9.8,-1.19,-0.02
9.81,-1.19,0.02
9.81,-1.21,0.01
9.82,-1.2,-0.01
9.8,-1.19,-0.01
9.8,-1.2,0.04
9.79,-1.21,-0.02
9.79,-1.19,0
9.83,-1.2,-0.03
9.81,-1.2,0
9.82,-1.19,0.02
9.83,-1.19,-0.01
9.82,-1.19,-0.02
9.83,-1.19,-0.02
9.81,-1.18,-0.01
9.83,-1.19,-0.02
9.81,-1.18,0
9.82,-1.19,-0.01
9.84,-1.19,-0.04
9.83,-1.21,-0.01
9.81,-1.2,-0.01
9.82,-1.18,-0.03
9.82,-1.2,-0.01
9.84,-1.22,-0.02
9.81,-1.2,-0.02
9.83,-1.2,-0.03
9.83,-1.18,-0.03
9.83,-1.19,0.02
9.82,-1.2,-0.03
9.83,-1.19,-0.01
9.92,-1.19,0.02
9.94,-1.04,-0.02
9.78,-1.1,0
9.89,-1.02,-0.02
9.88,-1.03,0.01
9.82,-0.91,-0.03
9.85,-0.62,0.01
9.75,-0.49,-0.04
9.85,-0.37,0.01
9.82,-0.32,-0.01
9.82,-0.26,-0.02
9.78,-0.37,-0.02
9.82,-0.26,0.03
9.77,-0.21,0.02
9.78,-0.16,-0.01
9.8,-0.11,-0.02
9.83,0.02,0.04
9.8,0.12,-0.01
9.61,0.14,-0.03
9.78,0.15,0.01
9.9,0.1,0.02
9.79,0.13,0.02
9.69,0.09,0.01
9.78,0,0.07
9.84,0.02,-0.03
9.77,-0.05,-0.03
9.73,0.01,-0.13
9.99,0,0
9.72,0,0.04
9.69,0.01,0.06
9.8,0.11,-0.02
9.83,0.05,0.01
9.73,0.08,0
9.85,0.08,0.04
9.64,0.03,-0.07
9.66,0,0.05
9.61,0.01,0.08
9.83,-0.01,-0.01
9.85,0.02,-0.1
9.7,0.02,-0.03
9.78,-0.02,-0.01
9.55,0.04,-0.08
9.85,0.08,-0.03
9.99,0.06,0.05
9.87,0.11,-0.02
9.44,0.03,-0.11
9.76,-0.01,0.02
9.91,-0.02,0.17
9.81,-0.05,0.16
9.57,-0.02,0.07
9.79,-0.02,0.01
9.68,0.04,0.15
9.87,-0.09,0.06
9.91,0.11,-0.04
9.49,-0.03,-0.05
9.83,0.07,-0.11
9.67,-0.11,0.11
9.61,0.04,-0.08
9.83,-0.01,0.01
10.08,-0.11,-0.01
9.81,0.16,0
9.48,-0.17,-0.13
10.09,0.06,-0.06
9.94,0.07,0.09
9.41,-0.17,-0.08
9.94,0.06,0
9.8,0.02,0.04
9.63,-0.13,-0.13
9.94,0.14,-0.09
9.83,-0.19,-0.08
10.25,0.07,0.05
9.53,-0.07,0
9.56,-0.1,-0.01
9.8,0.07,0.03
9.93,-0.29,0.04
9.38,-0.01,-0.13
9.86,-0.12,0.01
9.64,-0.19,-0.16
10.23,-0.18,-0.05
9.48,-0.22,-0.19
10.06,-0.18,-0.19
9.55,-0.22,0.15
9.45,-0.3,0.08
9.88,-0.36,0.21
9.9,-0.16,0.04
10.12,-0.24,-0.05
9.7,-0.28,-0.05
10.06,-0.26,-0.08
9.55,-0.4,-0.27
10.57,-0.38,-0.46
9.52,-0.54,0.35
9.39,-0.61,-0.17
9.68,-0.49,0.2
10.43,-0.69,0.13
9.94,-0.56,0.39
9.61,-0.59,-0.3
9.72,-0.71,0.24
10.28,-0.69,-0.1
10.01,-0.71,-0.04
9.68,-0.67,-0.27
9.78,-0.64,-0.09
10.13,-0.84,-0.14
9.59,-0.75,-0.15
9.9,-0.86,0.27
9.84,-0.78,-0.21
10.23,-0.77,-0.21
10.03,-0.85,-0.27
9.94,-0.81,-0.05
9.79,-0.92,0.09
10.22,-0.9,0.18
9.66,-0.88,0
10,-0.86,0.15
9.5,-0.98,-0.03
10.09,-0.82,-0.14
9.83,-1.03,0.36
10.07,-0.8,-0.44
9.78,-0.89,0.15
10.39,-0.85,-0.18
9.71,-0.9,0.11
9.85,-0.82,-0.19
10.18,-0.83,-0.27
9.92,-0.98,-0.07
9.58,-0.88,-0.19
9.87,-0.8,-0.29
10.2,-0.83,-0.38
9.93,-0.89,0.18
10.12,-0.78,-0.25
9.74,-0.86,0.21
10.18,-0.77,-0.12
9.72,-0.82,-0.35
10.17,-0.73,0.19
9.78,-0.73,-0.18
10.35,-0.72,0.37
9.74,-0.82,0.11
9.84,-0.81,-0.18
9.69,-0.77,-0.55
9.95,-0.76,0.04
10.31,-0.84,0.07
9.72,-0.81,0.18
10.49,-0.71,0.11
9.79,-0.8,0.08
9.9,-0.6,0.38
9.38,-0.69,0.32
9.97,-0.77,0.5
9.9,-0.66,-0.39
9.22,-0.61,-0.07
9.75,-0.83,-0.02
9.58,-0.66,0.3
10.29,-0.81,0.1
9.52,-0.63,0.09
9.77,-0.61,0.03
9.78,-0.86,0.08
9.66,-0.95,0.06
9.23,-0.7,-0.26
9.16,-0.88,0.01
10.01,-0.56,0.1
9.39,-0.49,-0.06
10.03,-0.44,0.14
9.76,-0.18,-0.12
9.38,-0.34,-0.2
9.34,-0.27,-0.23
8.84,-0.43,0.42
9.03,-0.35,0.13
9.28,-0.42,0.21
9.96,-0.45,-0.04
9.46,-0.15,0.13
9.6,-0.76,0.24
10.15,-0.07,-0.06
9.78,-0.45,-0.21
10.44,-0.37,0.55
10.11,-0.31,0.38
9.49,-0.4,-0.03
9.01,-0.42,-0.16
9.73,-0.69,-0.14
10.66,-0.71,-0.1
9.78,-0.96,-0.27
9.64,-1.15,-0.18
10.05,-1.1,-0.04
9.9,-1.03,0.19
10.13,-1.55,0.23
10.3,-1.08,-0.29
10,-1.29,-0.3
10.41,-1.3,-0.31
9.64,-1.13,-0.31
9.35,-1.33,-0.44
10.7,-1.3,-0.18
10.05,-1.15,0.15
10.29,-1.55,0.48
9.69,-1.21,0.25
9.7,-1.6,0.39
10.55,-1.28,-0.03
9.6,-1.37,-0.06
9.38,-1.42,-0.12
10.23,-1.31,-0.33
9.7,-1.24,-0.03
9.86,-1.46,0.38
8.83,-1.19,-0.37
9.67,-1.55,0.06
10.27,-1.27,0.17
9.25,-1.34,0.63
9.67,-1.32,0.06
9.68,-1.42,-0.31
9.23,-1.43,0.35
9.92,-1.27,0.35
9.81,-1.3,-0.15
9.58,-1.5,-0.17
9.34,-1.36,-0.22
9.14,-1.28,0.05
10.42,-1.41,0.16
9.81,-1.3,0.1
9.44,-1.44,0.15
10.04,-1.29,-0.18
10.33,-1.36,0.1
10.42,-1.29,-0.02
9.19,-1.26,-0.19
9.77,-1.49,-0.09
10.24,-1.26,0.25
9.6,-1.28,0.23
10.72,-1.43,0.14
10.09,-1.38,-0.24
9.66,-1.45,0.17
10.09,-1.37,-0.07
9.57,-1.26,0.09
10.17,-1.33,-0.28
9.42,-1.19,-0.37
9.35,-1.4,0.1
9.78,-1.39,-0.23
8.92,-1.25,-0.34
10.33,-1.25,0.37
10.28,-1.33,0.02
10.05,-1.4,0.33
9.51,-1.27,-0.14
9.42,-1.46,-0.11
10.25,-1.31,-0.13
9.98,-1.53,0.01
10.02,-1.3,0.37
9.48,-1.28,0.37
9.48,-1.59,0.16
9.13,-1.19,-0.4
9.22,-1.3,0.09
10.44,-1.49,0
10.16,-1.51,0.12
9.25,-1.86,0.11
8.93,-1.48,-0.76
9.91,-1.81,-0.38
10.38,-1.52,-0.01
9.76,-1.64,0.21
10.63,-1.59,0.33
9.88,-1.53,0.12
9.53,-1.71,-0.08
9.44,-1.75,-0.41
9.85,-1.87,-0.14
9.68,-2.02,0.05
9.44,-2,-0.09
10.52,-1.94,0.15
9.96,-2.13,-0.03
10.09,-1.9,0.31
10.07,-2.02,0.03
9.95,-1.88,0.01
9.4,-2.14,-0.08
10.12,-2.03,0.08
9.23,-2.08,-0.01
9.38,-1.97,-0.18
9.58,-2.12,-0.01
9.83,-2.08,-0.31
9.59,-2.12,-0.02
9.97,-2.15,-0.39
9.89,-2.1,-0.13
10.02,-2.14,-0.31
9.96,-2.11,0.31
9.85,-2.11,-0.11
9.81,-2.13,0.11
10.08,-2.02,0.15
9.61,-2.28,-0.03
10.34,-2.13,0.07
9.82,-2.16,0.24
10,-2.27,0.09
9.68,-2.26,-0.48
10.08,-2.18,-0.06
9.83,-2.21,0.15
9.73,-2.28,-0.06
9.96,-2.24,-0.34
9.68,-2.34,0.28
9.9,-2.25,-0.17
9.92,-2.33,-0.19
9.65,-2.28,0.16
9.9,-2.34,0.13
9.57,-2.22,0
10.28,-2.35,-0.24
10.01,-2.4,0.09
9.73,-2.33,-0.04
10.1,-2.3,-0.09
9.72,-2.37,-0.12
9.8,-2.29,0.14
10.01,-2.27,-0.09
9.52,-2.54,0.05
9.77,-2.29,-0.11
9.81,-2.24,0.06
9.71,-2.54,-0.03
9.96,-2.45,0
9.86,-2.25,-0.12
9.73,-2.6,0
9.9,-2.44,0.19
9.99,-2.35,0.14
9.96,-2.55,-0.03
9.85,-2.24,-0.1
9.54,-2.43,0.16
9.88,-2.29,-0.1
9.9,-2.2,0.01
9.76,-2.14,-0.24
9.77,-2.28,0.09
10.16,-2.06,0.07
9.61,-2.11,0.16
9.41,-2.1,0
9.94,-2.04,-0.01
9.89,-2.1,0.09
9.69,-2.01,0.11
9.75,-2.07,-0.03
10.09,-1.98,0.1
10.11,-1.99,0.02
9.67,-2.05,-0.19
9.8,-1.97,-0.12
9.87,-1.98,-0.07
9.75,-2.01,0.08
9.89,-2.02,0.11
9.91,-1.95,-0.04
9.77,-1.91,-0.04
9.69,-2.04,-0.1
9.97,-2,-0.03
9.98,-1.94,0.03
9.78,-1.95,-0.06
9.58,-2.01,-0.05
9.85,-1.93,0.08
9.96,-1.97,0.05
9.81,-1.96,0.11
9.63,-1.92,-0.05
9.9,-1.93,-0.05
9.96,-1.89,0.08
9.71,-1.94,-0.02
9.84,-1.93,0.02
9.82,-1.95,-0.13
9.84,-1.93,0.06
9.9,-1.9,0.03
10.07,-1.89,-0.03
9.82,-1.9,-0.06
9.88,-1.93,0.04
9.87,-1.97,0.05
9.88,-1.93,-0.09
9.69,-1.98,0.05
9.87,-1.85,0
9.85,-1.64,0.06
9.84,-1.6,0
9.83,-1.61,-0.05
9.88,-1.45,-0.08
9.92,-1.73,-0.01
9.98,-1.71,0.01
9.81,-1.67,0.01
9.85,-1.83,0.07
9.92,-1.73,-0.05
9.83,-1.74,0
9.84,-1.83,0.04
9.89,-1.78,-0.03
9.98,-1.79,-0.03
9.81,-1.86,-0.01
9.85,-1.95,0.09
9.79,-1.99,-0.05
9.83,-2.1,0.03
9.82,-2.18,-0.02
9.88,-2.3,0.01
9.93,-2.34,0.03
9.85,-2.44,-0.03
9.82,-2.48,-0.03
9.89,-2.48,0
9.9,-2.52,-0.01
9.86,-2.42,-0.02
9.92,-2.12,0
9.96,-0.59,-0.03
9.41,-0.85,0.02
9.82,-1.7,-0.01
10.18,-1.14,0.02
9.66,-0.9,0.01
9.69,-1.39,0.03
9.95,-1.22,0
9.75,-0.98,-0.03
9.74,-1.29,-0.02
9.87,-1.22,0.01
9.83,-1.08,0
9.83,-1.21,0.02
9.84,-1.19,0
9.86,-1.15,0.01
9.81,-1.21,-0.03
9.81,-1.16,0
9.88,-1.18,-0.04
9.81,-1.19,0.01
9.78,-1.19,0.04
9.87,-1.19,-0.01
9.82,-1.18,0.04
9.88,-1.19,-0.01
9.82,-1.18,-0.03
9.81,-1.18,0
9.84,-1.18,-0.05
9.87,-1.19,0.01
9.81,-1.17,0.04
9.8,-1.19,0.01
9.85,-1.19,-0.02
9.82,-1.17,0.03
9.79,-1.19,0.02
9.82,-1.18,0
9.84,-1.18,0.02
9.82,-1.18,0
9.86,-1.19,-0.04
9.8,-1.17,0.07
9.78,-1.17,0.04
9.85,-1.2,-0.06
9.85,-1.19,0.02
9.81,-1.19,0.01
9.81,-1.19,-0.01
9.8,-1.18,0.02
9.81,-1.18,-0.01
9.84,-1.18,-0.01
9.82,-1.2,-0.02
9.82,-1.18,-0.01
9.83,-1.19,0.02
9.85,-1.17,-0.01
9.82,-1.19,0.01
9.82,-1.2,0
9.82,-1.19,-0.02
9.82,-1.2,-0.04
9.81,-1.17,-0.04
9.82,-1.19,-0.01
9.83,-1.19,-0.02
9.83,-1.18,0.01
9.83,-1.19,-0.01
9.82,-1.19,-0.02
9.85,-1.17,-0.01
9.81,-1.19,-0.01
9.83,-1.18,0
9.83,-1.16,-0.02
9.81,-1.18,0.01
9.81,-1.18,0.01
9.83,-1.19,-0.02
9.81,-1.18,-0.01
9.83,-1.19,0
9.83,-1.18,0
9.83,-1.18,-0.01
9.82,-1.18,0
9.79,-1.18,0
9.82,-1.17,-0.03
9.82,-1.18,-0.01
9.83,-1.17,0
9.83,-1.18,0.01
9.81,-1.17,-0.02
9.82,-1.19,-0.05
9.81,-1.17,-0.03
9.82,-1.18,-0.01
9.84,-1.17,-0.01
9.83,-1.18,-0.02
9.85,-1.18,-0.03
9.82,-1.18,0
9.83,-1.19,-0.01
9.8,-1.19,-0.04
9.81,-1.16,-0.05
9.83,-1.19,-0.01
9.84,-1.19,0
9.83,-1.18,0.01
9.82,-1.18,0.02
9.82,-1.19,0.01
9.8,-1.18,0
9.83,-1.18,-0.02
9.84,-1.18,-0.02
9.84,-1.19,-0.02
9.83,-1.17,0.03
9.81,-1.19,-0.02
9.82,-1.18,-0.01
9.83,-1.21,-0.03
9.8,-1.2,-0.03
9.82,-1.18,0.01
9.82,-1.19,-0.01
9.82,-1.17,0.02
9.83,-1.19,0.01
9.84,-1.19,0.01
9.81,-1.18,-0.02
9.82,-1.19,0.02
9.81,-1.18,0
9.84,-1.18,-0.01
9.81,-1.17,0
9.81,-1.17,0.02
9.84,-1.17,-0.03
9.83,-1.18,0
9.83,-1.19,0.02
9.82,-1.19,-0.02
9.83,-1.18,0
9.82,-1.18,-0.02
9.83,-1.17,0.02
9.84,-1.17,0.02
9.81,-1.17,-0.01
9.84,-1.19,0
9.81,-1.18,-0.01
9.82,-1.18,-0.03
9.83,-1.17,-0.02
9.82,-1.18,0
9.85,-1.17,0.04
9.83,-1.18,0.01
9.82,-1.18,0.01
9.8,-1.18,-0.02
9.81,-1.19,-0.01
9.83,-1.17,0
9.83,-1.17,0
9.84,-1.18,-0.02
9.82,-1.18,0.01
9.81,-1.19,0.01
9.81,-1.16,0.01
9.82,-1.18,0.02
9.81,-1.19,0
9.82,-1.17,0
9.81,-1.18,-0.02
9.85,-1.19,-0.03
9.81,-1.19,0
9.83,-1.18,-0.02
9.8,-1.19,-0.03
9.82,-1.18,0
9.81,-1.17,-0.01
9.82,-1.18,0.03
9.83,-1.19,-0.02
9.81,-1.19,-0.01
9.82,-1.16,-0.02
9.83,-1.18,-0.01
9.81,-1.19,-0.03
9.84,-1.18,0.01
9.82,-1.19,0.01
9.86,-1.17,0.03
9.83,-1.17,0.01
9.83,-1.17,-0.02
9.81,-1.18,0.01
9.81,-1.19,0.01
9.82,-1.17,-0.03
9.82,-1.18,0
9.83,-1.16,0
9.83,-1.2,0
9.81,-1.2,-0.03
9.81,-1.17,-0.04
9.82,-1.17,-0.02
9.83,-1.18,-0.02
9.84,-1.19,-0.02
9.83,-1.19,-0.02
9.83,-1.2,0
9.83,-1.18,0
9.8,-1.18,-0.03
9.8,-1.17,-0.03
9.81,-1.17,0
9.81,-1.18,0.01
9.78,-1.18,0.01
9.79,-1.16,0.08
9.85,-1.17,-0.04
9.8,-1.16,0
9.82,-1.19,-0.02
9.81,-1.18,-0.02
9.83,-1.19,-0.03
9.82,-1.19,0.04
9.84,-1.17,-0.02
9.84,-1.17,-0.02
9.82,-1.15,-0.01
9.82,-1.17,0.02
9.81,-1.17,0
9.82,-1.18,-0.01
9.84,-1.18,0
9.84,-1.18,-0.02
9.84,-1.19,-0.02
9.81,-1.19,0.01
9.8,-1.17,-0.04
9.84,-1.17,-0.02
9.82,-1.17,0
9.82,-1.17,-0.02
9.82,-1.18,0.02
9.84,-1.19,-0.01
9.83,-1.16,-0.01
9.68,-1.15,0.01
9.77,-0.95,0.01
9.86,-1.14,0.01
9.66,-1.09,0.01
9.76,-0.9,0.05
9.83,-0.76,0.02
9.8,-0.63,0.01
9.78,-0.42,0.01
9.8,-0.34,-0.02
9.9,-0.17,-0.01
9.76,-0.34,0.02
9.85,-0.33,-0.01
9.83,-0.27,-0.01
9.84,-0.14,0
9.69,-0.17,0
9.82,-0.02,-0.03
9.85,0.13,0.03
9.77,0.13,-0.05
9.77,0.13,-0.01
9.75,0.16,0
9.87,0.15,-0.04
9.81,0.06,0.05
9.83,0.08,-0.02
9.8,-0.04,0.01
9.8,0,-0.05
9.78,-0.01,-0.02
9.79,0.04,0.06
9.8,0.02,0.06
9.9,0.09,0.01
9.85,0.09,-0.08
9.85,0.08,-0.01
9.63,0.1,0.03
9.79,0.03,0.12
9.8,0.05,-0.03
9.78,0.1,-0.09
9.6,0.01,0.04
9.79,0.01,0.07
9.87,0.1,-0.12
9.68,0.02,-0.02
9.79,0.11,0.17
9.99,0.08,-0.04
9.6,0.12,0.04
9.72,0.11,0.02
10.04,-0.02,0.04
9.96,0.08,0.1
9.53,0,-0.08
9.79,0.09,-0.01
10.01,-0.05,-0.02
9.75,0.06,0.05
9.68,0.02,0.05
10.11,0.08,-0.17
10.06,0.09,-0.1
9.72,0.05,0.02
9.62,-0.06,0.21
10.11,0.16,-0.13
9.52,-0.01,-0.18
9.92,0.14,-0.15
9.91,-0.01,0.33
10.03,0.05,0.08
9.72,0.18,0.05
9.79,-0.02,-0.1
9.91,0.02,-0.11
9.91,0.23,0.01
9.82,-0.04,-0.03
9.72,0.07,-0.12
9.75,0.19,-0.42
9.98,-0.01,-0.06
10.08,0.07,0.07
9.8,0.07,0.13
9.75,0.08,-0.07
9.59,0.14,-0.05
9.81,0.1,0.16
10.1,0.12,0.07
9.72,0.03,-0.04
9.85,0.06,-0.02
9.66,-0.06,-0.03
9.69,0.03,-0.1
9.85,-0.07,-0.15
9.81,-0.09,0.23
9.54,-0.08,0.22
9.55,-0.07,-0.07
9.93,-0.03,0.01
9.88,-0.05,0.19
9.82,-0.15,0
9.87,-0.01,-0.34
9.85,-0.08,-0.03
9.66,-0.24,0.07
10.09,-0.14,-0.02
10.14,-0.19,-0.01
9.67,-0.22,-0.1
10.01,-0.29,0.23
9.79,-0.13,0.16
9.74,-0.25,-0.15
9.59,-0.27,-0.12
9.88,-0.12,-0.04
10.27,-0.22,0.27
9.82,-0.2,-0.05
9.51,-0.2,-0.03
10.32,-0.18,0.04
10.2,-0.15,0.22
9.48,-0.23,0
9.85,-0.31,0.17
9.81,-0.12,-0.25
9.33,-0.4,-0.19
9.31,-0.24,-0.21
9.43,-0.25,0.01
9.99,-0.21,-0.13
9.78,-0.24,0.04
9.94,-0.16,-0.05
9.27,-0.2,-0.16
9.13,-0.29,-0.2
9.72,-0.16,-0.32
9.51,-0.34,0.13
10.08,-0.27,0.18
9.48,-0.29,0.04
9.53,-0.45,-0.15
9.86,-0.14,0.39
9.41,-0.31,0
10.23,-0.53,0.08
9.49,-0.15,-0.17
9.24,-0.54,-0.3
9.11,-0.35,-0.25
9.67,-0.39,0.01
9.63,-0.54,-0.06
9.89,-0.52,0.37
9.92,-0.35,-0.3
9.47,-0.55,-0.28
9.84,-0.62,0.24
9.71,-0.44,0.44
9.65,-0.91,-0.09
9.65,-0.62,0.16
9.22,-0.95,-0.18
9.73,-1.03,0.27
9.52,-0.89,0.1
9.05,-1.28,-0.15
9.03,-0.91,-0.16
9.24,-1.41,-0.08
10.21,-1.03,0.06
9.61,-1.13,0.08
9.51,-1.4,-0.2
10.03,-0.98,0.22
9.56,-1.51,-0.03
8.63,-1.23,0.14
8.74,-1.43,-0.09
9.83,-1.32,-0.02
9.89,-1.45,-0.22
10.19,-1.52,-0.13
10.82,-1.42,0.39
9.87,-1.6,0.49
9.74,-1.46,0.19
10.06,-1.62,-0.08
10.18,-1.21,-0.03
10.03,-1.53,-0.05
10.42,-1.42,0.24
10.72,-1.38,0.42
9.38,-1.56,0.12
9.18,-1.23,0.1
10.17,-1.66,-0.28
10.82,-1.25,0.05
10.26,-1.2,-0.01
9.86,-1.72,-0.31
10.14,-1.1,-0.11
10.03,-1.44,0.01
9.58,-1.35,-0.26
10.07,-1.27,0.08
10.35,-1.54,0.12
10.44,-1,-0.16
9.87,-1.62,-0.19
10.28,-1.27,0.11
10.33,-1.22,0.12
10.01,-1.44,-0.11
9.67,-1.04,-0.24
10.28,-1.38,-0.3
10.29,-1.22,0.26
9.69,-0.92,0.11
10.02,-1.37,0.03
10.32,-1.03,0.39
9.68,-1.33,-0.25
9.35,-1.06,-0.47
10,-1.22,0.26
9.34,-1.44,-0.22
9.95,-0.85,-0.09
10.11,-1.52,0.39
10.03,-1.03,0.3
9.56,-1.42,-0.01
9.89,-1.02,0.2
9.71,-1.29,0.03
9.13,-1.37,-0.45
9.5,-1.07,-0.35
10.25,-1.21,0.13
10.04,-1.15,0.33
9.99,-1.12,0.01
9.53,-1.37,0.07
9.86,-0.82,0.04
9.53,-1.68,0.26
9.96,-1.1,0.2
10.04,-1.42,0.12
9.28,-1.29,0.02
9.47,-1.14,0.39
9.41,-1.56,-0.2
9.62,-1.21,0.42
10.23,-1.25,0.28
9.94,-1.57,0.18
9.75,-1.09,0.08
9.31,-1.59,-0.02
9.42,-1.1,-0.63
10.07,-1.4,0.04
10.22,-1.31,0.27
9.78,-1.32,0.35
9.52,-1.51,0.28
9.66,-1.29,0.04
10.04,-1.25,-0.23
10.04,-1.43,0.08
9.76,-1.18,-0.16
10.07,-1.39,0
10.1,-1.31,-0.04
10.15,-1.21,-0.18
10.27,-1.49,0.06
9.44,-1.35,-0.05
9.69,-1.31,-0.25
9.86,-1.42,-0.04
9.77,-1.21,0.49
9.7,-1.43,-0.02
9.88,-1.3,-0.33
9.73,-1.23,0.03
9.64,-1.61,-0.01
10.08,-1.14,0.1
9.64,-1.54,-0.07
9.67,-1.39,0.05
10.13,-1.2,-0.33
10.37,-1.58,0.27
9.48,-0.93,-0.26
9.95,-1.6,-0.07
10.35,-1.24,-0.17
9.01,-1.29,0.02
9.61,-1.41,0.03
10.37,-1.2,0.27
10.36,-1.42,0.4
10.02,-1.23,-0.56
9.58,-1.39,0.01
9.99,-1.23,0.07
9.76,-1.59,0.25
9.49,-1.2,-0.01
10.04,-1.38,0.17
10.31,-1.34,0.7
9.61,-1.27,0.32
9.3,-1.45,-0.26
10.21,-1.29,0.03
10.41,-1.3,0.4
9.92,-1.33,0.14
9.84,-1.32,0
9.84,-1.42,0.13
9.57,-1.31,-0.55
9.47,-1.35,0.19
9.98,-1.35,0.1
10,-1.38,0.04
9.93,-1.38,-0.15
9.94,-1.41,0.15
10.48,-1.33,-0.14
9.89,-1.39,-0.25
9.71,-1.31,-0.05
10.14,-1.56,-0.02
10.43,-1.3,0.43
9.89,-1.3,0.16
10.47,-1.45,0.24
10.22,-1.3,0.22
9.17,-1.52,-0.18
9.51,-1.36,-0.29
10.04,-1.32,-0.11
9.91,-1.65,0.07
9.49,-1.18,-0.22
9.98,-1.47,-0.41
9.87,-1.3,-0.19
9.58,-1.34,-0.56
10.25,-1.4,-0.09
10.12,-1.32,-0.25
9.92,-1.51,-0.38
9.91,-1.29,0.18
10.08,-1.44,0
9.55,-1.29,-0.68
9.33,-1.24,-0.89
9.88,-1.43,0.2
9.98,-1.31,0.13
9.83,-1.36,-0.27
10.11,-1.31,-0.02
10.37,-1.32,-0.15
10.46,-1.42,-0.24
9.8,-1.32,0.03
9.33,-1.53,-0.06
9.29,-1.33,-0.56
9.2,-1.31,-0.91
9.36,-1.47,-0.17
9.67,-1.29,0.01
9.44,-1.34,-0.19
9.46,-1.37,-0.39
10.1,-1.26,0.18
10.28,-1.44,0.25
9.65,-1.28,-0.05
9.4,-1.37,-0.46
10.15,-1.3,-0.05
10.18,-1.35,0.42
10.22,-1.45,0.28
9.61,-1.26,-0.35
10.08,-1.39,-0.26
10.17,-1.5,0.31
10.12,-1.28,0.14
9.8,-1.44,0.09
9.47,-1.29,-0.28
9.66,-1.35,-0.2
9.58,-1.31,-0.16
9.85,-1.3,-0.08
10.06,-1.34,-0.32
9.66,-1.24,-0.26
10.18,-1.37,-0.32
10.51,-1.42,0.13
9.97,-1.4,0.21
9.43,-1.33,-0.29
10.06,-1.4,-0.17
10.15,-1.36,-0.05
9.6,-1.4,-0.3
9.16,-1.38,-0.41
9.38,-1.42,-0.47
9.9,-1.42,-0.13
9.3,-1.23,-0.13
9.77,-1.27,-0.5
10.45,-1.38,0.51
10.18,-1.4,0.82
9.83,-1.49,-0.1
9.98,-1.33,-0.16
9.36,-1.41,-0.16
9.85,-1.52,0.18
10.07,-1.68,0.16
9.57,-1.6,-0.23
9.84,-2.05,-0.04
10.06,-1.79,-0.3
9.7,-1.99,-0.57
10.08,-1.96,-0.23
10.31,-2.01,0.45
9.69,-1.76,-0.13
9.87,-2.05,0.18
10.46,-1.95,0.17
9.69,-1.83,0
10.05,-2.15,0.01
10.23,-2.02,0.34
9.21,-2.15,0.44
9.84,-2.02,-0.28
9.99,-2.1,-0.36
10.37,-2.04,-0.08
10.49,-2.12,0.2
10.07,-2.02,0.34
10.08,-2.18,0.09
9.93,-2.13,0.29
9.52,-2.13,-0.05
10.16,-2.07,0.05
9.39,-2.13,-0.47
9.75,-2.3,0.42
10.22,-2.17,0.29
9.87,-2.34,0.27
9.96,-2.19,0.08
9.55,-2.34,0.21
9.97,-2.06,0.25
9.49,-2.37,-0.24
10.01,-2.18,0.31
9.95,-2.23,0.29
10.08,-2.19,0.68
10.27,-2.37,0.43
9.96,-2.35,0.21
9.74,-2.11,0.35
9.33,-2.51,0.21
9.97,-2.14,0.08
9.89,-2.4,0.12
10.4,-2.24,0.32
9.44,-2.26,0.18
10.15,-2.3,0.5
9.9,-2.17,0.53
9.79,-2.29,0.38
9.89,-2.24,0.42
10.12,-2.11,0.57
9.86,-2.29,0.17
10.11,-2.24,0.33
9.53,-2.29,0.43
10.4,-2.17,0.59
9.77,-2.23,0.25
9.66,-2.25,0.41
9.99,-2.18,0.41
9.98,-2.22,0.58
9.9,-2.3,0.35
9.72,-2.23,0.59
10.29,-2.15,0.23
9.62,-2.27,0.22
9.18,-2.18,0.38
10.11,-2.17,0.16
9.99,-2.24,0.43
10.37,-2.28,0.47
9.46,-2.17,0.3
9.7,-2.16,0.12
10.23,-2.24,0.35
9.63,-2.19,0.23
10.04,-2.32,0.18
9.64,-2.16,0.13
9.92,-2.12,0.08
9.89,-2.2,0.11
9.98,-2.23,0.58
9.6,-2.08,0.16
10.02,-2.26,0.11
10.06,-2.01,-0.15
9.78,-2.15,-0.08
10.37,-2.22,-0.07
9.53,-2.15,0.1
9.95,-2.06,-0.07
9.88,-2.24,-0.03
9.95,-2.06,0.11
9.62,-2.23,0.06
9.97,-2.13,0.01
9.82,-2.11,0.18
9.81,-2.17,-0.05
10.03,-2.08,0.24
9.85,-2.18,-0.16
9.75,-2.02,-0.06
9.73,-2.07,-0.16
9.83,-2.28,-0.02
9.8,-2.02,0.06
10.02,-2.19,0.1
9.66,-2.1,-0.17
10.12,-2.1,0.12
9.96,-2.08,0.09
9.53,-2.18,0.16
9.71,-2.09,-0.14
10.09,-2.1,0
9.91,-2.09,0.02
9.65,-2.1,-0.08
9.78,-2.11,-0.16
10.16,-2.18,-0.12
10.01,-2.09,0.08
9.53,-2.14,-0.09
9.96,-2.11,0.1
10.02,-1.97,-0.08
9.8,-2.07,-0.17
9.79,-2.11,0.07
9.79,-1.96,0.01
9.67,-2.13,-0.06
9.83,-2.02,-0.1
9.67,-2.08,-0.04
10.05,-2.05,-0.13
9.83,-2.08,0.05
9.78,-2,-0.09
9.64,-2.12,0.09
10.04,-1.99,-0.17
9.92,-1.98,-0.02
9.76,-2,0
9.84,-2.03,-0.06
9.76,-2.04,-0.02
9.97,-2.03,-0.18
9.81,-1.98,0.01
9.77,-2.08,-0.05
10.01,-1.93,0.01
9.86,-2.06,0
9.92,-2,-0.05
9.89,-2.01,0.01
9.91,-2.09,0.03
9.91,-1.84,-0.04
9.85,-1.89,-0.07
9.77,-1.79,-0.09
9.91,-1.84,-0.04
9.92,-1.82,-0.07
9.74,-1.84,0
9.59,-2.15,-0.01
9.9,-2.01,-0.01
9.99,-1.79,-0.03
9.77,-2.15,0.03
9.91,-1.92,-0.02
9.74,-2.01,-0.06
9.83,-1.93,-0.09
9.77,-2,-0.04
9.76,-1.94,0.01
9.81,-1.89,-0.09
9.83,-1.86,0.02
9.78,-1.91,-0.02
9.78,-1.84,0.01
9.83,-1.87,0.01
9.87,-1.86,-0.08
9.83,-1.89,-0.11
9.87,-1.87,-0.03
9.85,-1.86,-0.04
9.88,-1.82,-0.04
9.85,-1.72,-0.05
9.83,-1.64,-0.03
9.82,-1.56,-0.03
9.86,-1.47,-0.01
9.8,-1.41,-0.01
9.8,-1.29,-0.02
9.83,-1.12,-0.02
9.77,-1.16,-0.04
9.83,-1.21,-0.01
9.81,-1.16,-0.04
9.82,-1.2,-0.04
9.81,-1.2,-0.02
9.83,-1.16,-0.05
9.82,-1.18,-0.05
9.83,-1.18,-0.04
9.79,-1.18,-0.04
9.8,-1.17,-0.02
9.91,-1.19,-0.07
9.81,-1.2,-0.02
9.8,-1.21,-0.01
9.84,-1.18,-0.01
9.84,-1.2,0
9.82,-1.18,0.04
9.74,-1.18,-0.05
9.88,-1.19,-0.07
9.92,-1.18,-0.03
9.78,-1.19,-0.02
9.78,-1.17,0.01
9.87,-1.16,0.01
9.87,-1.18,-0.01
9.82,-1.18,-0.05
9.79,-1.17,-0.03
9.77,-1.19,-0.06
9.82,-1.18,0.02
9.88,-1.18,-0.01
9.8,-1.18,-0.01
9.75,-1.18,-0.03
9.86,-1.18,-0.06
9.89,-1.17,-0.05
9.84,-1.17,-0.01
9.76,-1.18,-0.03
9.82,-1.18,-0.07
9.85,-1.19,-0.04
9.79,-1.19,-0.05
9.81,-1.19,-0.02
9.82,-1.19,-0.08
9.82,-1.17,-0.05
9.8,-1.19,-0.03
9.8,-1.18,-0.03
9.83,-1.19,-0.08
9.86,-1.19,-0.06
9.81,-1.18,-0.02
9.82,-1.17,-0.04
9.84,-1.19,-0.05
9.84,-1.19,-0.06
9.84,-1.18,-0.03
9.81,-1.19,-0.07
9.79,-1.18,-0.04
9.8,-1.17,-0.05
9.83,-1.16,-0.02
9.82,-1.17,-0.03
9.8,-1.18,-0.06
9.84,-1.16,-0.03
9.89,-1.17,-0.03
9.82,-1.16,-0.05
9.83,-1.17,-0.06
9.82,-1.18,-0.02
9.82,-1.19,-0.04
9.8,-1.17,0
9.84,-1.19,-0.05
9.83,-1.18,-0.04
9.79,-1.17,-0.05
9.82,-1.19,-0.04
9.85,-1.18,-0.08
9.8,-1.17,-0.07
9.8,-1.19,-0.06
9.82,-1.19,-0.07
9.85,-1.19,-0.04
9.83,-1.17,-0.04
9.82,-1.18,-0.04
9.79,-1.18,-0.05
9.79,-1.19,-0.04
9.81,-1.19,-0.04
9.81,-1.18,-0.08
9.83,-1.18,-0.02
9.84,-1.18,-0.06
9.81,-1.18,-0.07
9.82,-1.18,-0.07
9.83,-1.17,-0.02
9.82,-1.19,-0.04
9.84,-1.18,-0.05
9.84,-1.2,-0.03
9.81,-1.17,-0.06
9.84,-1.18,-0.04
9.77,-1.16,0.01
9.82,-1.17,-0.08
9.79,-1.18,-0.04
9.83,-1.18,-0.04
9.83,-1.18,-0.01
9.82,-1.19,-0.05
9.82,-1.18,-0.06
9.84,-1.17,-0.08
9.8,-1.18,-0.05
9.83,-1.19,-0.03
9.84,-1.19,-0.04
9.81,-1.19,-0.04
9.81,-1.18,-0.07
9.83,-1.17,-0.01
9.8,-1.18,-0.07
9.79,-1.17,-0.05
9.84,-1.19,-0.06
9.82,-1.19,-0.01
9.83,-1.19,-0.04
9.84,-1.19,-0.04
9.81,-1.18,-0.04
9.83,-1.17,-0.04
9.82,-1.19,-0.05
9.82,-1.17,-0.06
9.83,-1.18,-0.04
9.83,-1.18,-0.03
9.81,-1.19,-0.04
9.82,-1.19,-0.04
9.81,-1.17,-0.08
9.81,-1.18,-0.05
9.82,-1.18,-0.03
9.81,-1.18,0
9.84,-1.19,-0.01
9.8,-1.18,-0.04
9.81,-1.17,-0.03
9.82,-1.18,-0.04
9.83,-1.17,-0.05
9.81,-1.18,-0.03
9.81,-1.18,-0.05
9.83,-1.19,-0.04
9.83,-1.18,-0.04
9.82,-1.19,-0.04
9.81,-1.2,-0.06
9.83,-1.2,-0.04
9.81,-1.19,-0.06
9.82,-1.19,-0.05
9.83,-1.17,-0.01
9.83,-1.19,-0.02
9.81,-1.16,-0.03
9.81,-1.18,-0.03
9.81,-1.17,-0.04
9.82,-1.19,-0.04
9.81,-1.2,-0.04
9.83,-1.18,-0.05
9.82,-1.18,-0.02
9.81,-1.17,-0.03
9.89,-1.14,-0.05
9.88,-0.98,0
9.68,-1.06,-0.02
9.77,-1.05,-0.07
9.79,-1.03,-0.02
9.88,-0.91,-0.06
9.72,-0.66,-0.05
9.8,-0.54,-0.06
9.8,-0.37,-0.07
9.79,-0.25,-0.03
9.72,-0.31,-0.05
9.78,-0.32,-0.05
9.79,-0.28,-0.05
9.79,-0.16,-0.01
9.8,-0.14,-0.05
9.76,-0.07,-0.04
9.74,0.05,-0.09
9.76,0.15,0
9.83,0.11,-0.04
9.86,0.16,-0.02
9.68,0.13,-0.04
9.72,0.11,-0.03
9.94,0.05,-0.06
9.81,0.01,-0.08
9.67,-0.02,-0.08
9.79,-0.01,0.01
9.9,0.01,0.01
9.82,0.03,-0.08
9.78,0.07,-0.05
9.69,0.09,0.01
9.84,0.08,-0.03
9.85,0.13,-0.05
9.73,0.08,-0.08
9.81,0.04,-0.19
9.9,0.08,0.1
9.81,-0.01,-0.06
9.84,0.04,0.01
9.67,0.04,-0.09
9.77,0.02,-0.03
9.75,0.05,-0.02
9.92,0.04,0.06
9.89,0.08,-0.02
9.57,0.05,-0.07
9.58,0.08,-0.14
9.67,0.06,-0.14
10.22,0.04,-0.09
9.74,-0.03,0.02
9.54,0.1,-0.11
9.73,0.07,-0.15
9.92,-0.01,-0.02
9.61,-0.01,0.17
9.99,0.14,-0.09
9.84,-0.04,-0.12
9.63,0.06,-0.04
9.78,-0.05,-0.05
9.68,-0.01,-0.12
9.56,0.07,-0.03
9.89,-0.14,0.02
9.92,0.11,0.1
9.42,0.01,-0.24
9.97,0.06,-0.26
9.52,0.05,0.05
9.67,-0.01,-0.13
10.09,0.03,-0.02
9.83,0.02,-0.14
9.5,0.03,0.04
9.88,0.08,0.11
9.71,-0.06,0.01
9.75,-0.05,-0.09
9.93,-0.07,-0.05
9.67,0,0.11
9.75,0.04,-0.03
9.93,0.05,-0.12
9.81,0.04,-0.1
9.98,-0.04,-0.17
9.64,0.03,0.1
9.56,-0.16,-0.13
10.06,-0.09,0.11
9.99,-0.06,0.04
9.78,-0.13,-0.1
9.65,-0.23,-0.1
9.75,-0.1,0.04
9.77,-0.19,0.05
10.39,-0.12,-0.22
9.59,-0.2,-0.26
10.17,-0.06,0.16
9.81,-0.2,0.07
9.74,-0.12,-0.11
9.77,-0.23,0.04
9.72,-0.18,0
10.06,-0.22,0.13
9.61,-0.17,-0.07
9.87,-0.24,0
9.85,-0.19,0.11
9.84,-0.21,-0.13
9.62,-0.16,-0.53
9.93,-0.46,0.25
9.47,-0.17,-0.06
9.45,-0.48,0.24
9.98,-0.3,0.03
9.78,-0.38,0.18
9.76,-0.23,0.12
9.64,-0.45,0.13
9.82,-0.23,-0.23
9.8,-0.45,0.22
10.12,-0.26,0.11
9.55,-0.45,0.27
10.03,-0.36,0.05
9.3,-0.22,-0.22
9.38,-0.48,-0.31
9.81,-0.21,-0.14
9.7,-0.42,0.18
10.2,-0.4,0.05
9.32,-0.35,-0.12
9.62,-0.38,0.45
9.6,-0.51,-0.2
9.8,-0.4,-0.33
10.37,-0.4,-0.27
9.78,-0.54,-0.08
10.36,-0.4,-0.11
9.59,-0.33,-0.3
9.92,-0.67,-0.02
10.19,-0.37,0.01
9.56,-0.43,0.04
9.95,-0.39,0.09
9.86,-0.32,-0.17
9.43,-0.6,0.29
10.29,-0.34,0.22
9.49,-0.4,-0.27
9.87,-0.68,-0.24
10.55,-0.43,0.1
9.59,-0.42,0.16
9.9,-0.6,-0.39
9.86,-0.32,-0.41
9.51,-0.52,0.27
10.29,-0.58,0.42
10.15,-0.35,-0.04
9.41,-0.72,0.15
9.83,-0.52,-0.29
9.78,-0.52,-0.11
9.89,-0.47,-0.05
10.11,-0.64,0.19
10.01,-0.66,-0.08
9.58,-0.73,0.06
9.9,-0.92,-0.25
10.49,-0.81,-0.15
9.66,-0.78,0.18
9.93,-1.05,0.26
10.42,-0.71,0
8.61,-0.87,-0.26
8.91,-0.94,0.2
11.17,-0.47,-0.03
10.35,-0.95,-0.34
9.5,-0.78,-0.24
10,-0.92,0.23
10.02,-1.09,-0.26
9.83,-0.81,0.26
10.29,-1.06,-0.54
10.54,-0.85,-0.08
9.93,-0.91,-0.31
9.26,-1.14,-0.03
9.76,-0.79,-0.53
9.9,-0.92,-0.2
8.88,-0.92,0.17
9.41,-1.02,-0.18
10.37,-0.91,-0.35
10.16,-0.88,-0.12
9.77,-1.09,-0.06
10.2,-0.89,-0.34
10.17,-1.02,-0.39
9.58,-0.88,-0.01
9.97,-1.21,0.48
9.64,-0.84,0.02
9.47,-0.94,-0.16
9.88,-1.18,-0.38
9.89,-0.93,-0.02
9.92,-1.1,-0.3
9.53,-0.89,0.07
9.88,-1.27,0.16
10.33,-1.07,-0.07
10.35,-0.6,-0.21
9.23,-1.3,-0.23
9.47,-0.8,0.01
9.72,-1.22,0.18
10.27,-1.02,-0.22
9.78,-0.93,0.01
10.01,-1.47,0.19
9.86,-0.73,0.07
9.36,-1.18,-0.28
9.73,-0.96,0.15
10.8,-1.13,0.29
10.19,-1.12,-0.1
8.63,-0.92,-0.1
8.79,-1.35,0.04
9.67,-1.09,-0.09
10.54,-0.95,-0.12
9.81,-1.14,0.26
9.52,-1.08,0.2
9.66,-1.08,0.28
9.98,-1.09,-0.24
9.65,-0.99,0.06
9.41,-1.34,0.21
10.06,-1.02,0.43
9.9,-0.98,-0.3
9.69,-1.06,0.21
10.03,-1.47,0.23
10.31,-0.85,0.37
9.51,-1.14,-0.8
9.45,-1.02,-0.67
10.01,-1.24,0.02
10.36,-1.19,0.17
9.97,-0.99,0.15
9.49,-1.33,0.24
9.8,-1.13,-0.37
10.06,-1.21,-0.22
9.97,-1.06,0.27
9.06,-1.28,-0.23
9.62,-1.17,-0.35
10.44,-1.15,0.25
9.71,-1.04,-0.07
9.09,-1.06,0.08
9.75,-1.35,0.13
10.12,-0.85,0.24
9.45,-1.23,-0.18
9.72,-1.06,0.15
9.98,-1.2,0.21
9.75,-1.12,0
9.79,-0.91,-0.03
9.2,-1.42,0.04
9.43,-1.12,0.03
9.93,-1,-0.63
9.59,-0.98,-0.2
9.63,-1.27,0.28
10.18,-1.4,0.46
10.45,-0.78,-0.12
9.17,-1.3,-0.6
9.3,-1.02,-0.06
9.99,-1.28,0.09
10.08,-1.26,-0.01
10.09,-0.8,-0.1
9.89,-1.44,0.28
10.2,-1.08,-0.04
10.21,-1,-0.54
9.52,-1.36,0.16
9.27,-1.01,0.02
9.73,-1.35,-0.09
10.31,-1.21,-0.18
9.8,-0.91,-0.31
9.75,-1.47,-0.18
10.47,-1.06,0.67
10.12,-1.11,0.22
10.09,-1.14,-0.16
9.86,-1.17,-0.36
9.3,-1.25,-0.48
9.99,-1.03,0.09
9.21,-1.24,-0.07
9.23,-1.24,0.17
10.1,-1.2,0.41
10.17,-1.1,-0.08
9.17,-1.21,-0.15
9.3,-1.3,-0.26
9.79,-1.15,-0.11
10.18,-1.17,-0.08
9.59,-1.16,0.09
10.02,-1.29,0.23
10.13,-1.32,0.38
10.27,-0.94,-0.32
9.53,-1.26,-0.01
9.35,-1.1,0.1
9.63,-1.42,-0.03
10.17,-1.09,-0.07
9.7,-1.03,0.14
9.86,-1.5,-0.1
9.91,-1.1,0.29
9.83,-1.05,-0.1
9.63,-1.24,0.26
9.63,-1.2,-0.15
9.57,-1.23,-0.15
10.17,-1.14,-0.1
9.95,-1.04,0.25
9.71,-1.47,0.26
10.01,-1.4,-0.14
10.06,-1.2,-0.37
9.5,-1.5,-0.04
9.27,-1.37,0.21
9.59,-1.24,-0.14
10.32,-1.42,-0.07
10.02,-1.28,0.41
9.62,-1.36,-0.16
9.79,-1.44,-0.05
9.87,-1.15,-0.49
10.07,-1.45,0.31
9.77,-1.34,0.06
9.69,-1.32,0.17
10.16,-1.51,-0.35
9.49,-1.29,0.29
9.04,-1.5,0.04
9.53,-1.42,-0.04
10.07,-1.22,-0.49
10.09,-1.67,0.2
10.11,-1.18,0.08
10.23,-1.56,-0.03
9.38,-1.28,-0.21
9.76,-1.36,-0.04
10.13,-1.5,0.33
10.17,-1.25,-0.02
9.8,-1.45,0.11
9.63,-1.39,-0.24
9.97,-1.32,-0.24
10.08,-1.46,-0.03
10.14,-1.2,0.06
9.41,-1.64,0.05
9.35,-1.34,0.01
9.57,-1.43,0.12
9.73,-1.39,0.02
9.9,-1.38,-0.37
10.29,-1.43,-0.5
9.69,-1.44,0.25
9.81,-1.47,0.27
10.23,-1.54,0.5
9.96,-1.37,-0.1
9.39,-1.5,0.09
9.26,-1.54,0.09
9.32,-1.48,-0.43
9.62,-1.51,-0.1
10.16,-1.52,-0.09
10.16,-1.6,0.06
9.92,-1.52,-0.01
9.81,-1.47,0.01
9.97,-1.62,0.47
9.87,-1.43,0.03
9.7,-1.55,-0.26
9.75,-1.53,-0.08
9.7,-1.53,-0.03
10.5,-1.47,0.65
10.16,-1.8,0.03
10.26,-1.5,-0.37
9.78,-1.58,-0.09
10,-1.63,-0.14
10.5,-1.56,0.03
9.77,-1.7,-0.15
9.87,-1.35,-0.29
10.62,-1.73,0.15
9.44,-1.5,-0.13
9.52,-1.63,-0.13
10.65,-1.38,-0.16
10.33,-1.6,0.59
10.37,-1.62,-0.15
10.29,-1.23,-0.56
9.51,-1.62,-0.08
10.15,-1.33,0.36
10.58,-1.66,0.22
9.69,-1.31,0.1
9.68,-1.49,0.19
10.23,-1.32,-0.24
10.48,-1.52,-0.1
10.09,-1.32,0.03
9.47,-1.48,-0.45
9.82,-1.32,-0.51
10.12,-1.45,0.38
10.29,-1.17,0.5
10.24,-1.57,0.12
10.35,-1.15,-0.42
9.25,-1.47,-0.39
9.87,-1.13,-0.03
9.84,-1.4,-0.44
10.12,-1.13,0.21
9.92,-1.22,-0.02
9.96,-1.29,0.31
10.07,-1.32,0.17
9.8,-1.19,0.04
9.25,-1.29,-0.09
9.91,-1.11,-0.06
9.79,-1.31,0.1
10,-1.19,-0.04
9.39,-1.28,0.25
9.93,-1.11,-0.09
10.01,-0.98,-0.39
9.45,-1.17,-0.11
9.8,-1.09,0.18
9.65,-1.33,-0.24
9.99,-1.05,-0.12
9.7,-1.36,-0.02
9.24,-1.17,0.07
9.89,-1.16,-0.15
9.46,-1.29,0.12
10.03,-0.91,-0.14
9.78,-1.27,0.01
9.89,-1.02,0.06
10.13,-1.2,0.03
9.64,-1.19,-0.21
10.09,-1.02,-0.05
10.06,-1.36,0.17
9.85,-0.95,-0.01
9.63,-1.21,0.28
10.27,-0.97,-0.04
9.99,-0.91,0.05
9.78,-1.15,0.18
9.77,-0.99,0.16
10.24,-1.02,-0.2
10.15,-1.12,-0.31
10.1,-0.93,0.01
9.78,-1.15,-0.13
10.17,-0.95,0.02
10.01,-1.07,-0.19
10.05,-1.04,0.02
9.84,-1.04,0.14
9.74,-1.05,-0.54
9.77,-1.02,-0.04
9.94,-1.19,0.05
9.53,-0.92,-0.35
9.84,-1.1,0.49
9.72,-1.03,-0.11
9.52,-1.01,0.01
9.57,-1.14,-0.42
9.46,-0.9,0.17
9.7,-1.11,-0.18
10.06,-0.95,-0.06
9.54,-1.06,-0.07
9.93,-1.08,0.2
9.66,-0.93,-0.27
10.1,-1.27,0.03
9.92,-0.89,0.12
9.38,-1.26,0.11
10.09,-1.01,-0.05
9.85,-1.37,0.1
9.74,-1.55,0.05
9.57,-1.69,-0.12
9.89,-1.81,-0.09
9.8,-1.66,0.08
9.79,-1.83,-0.11
9.7,-1.79,-0.16
9.85,-1.75,-0.07
9.73,-1.66,0.06
10.18,-1.77,0.04
9.48,-1.88,-0.21
9.41,-1.77,-0.11
9.99,-1.94,0.16
10.16,-1.82,-0.07
9.44,-1.98,-0.17
9.62,-1.85,0
9.68,-1.89,0.16
9.86,-1.91,-0.21
9.7,-1.96,-0.25
9.62,-1.96,0.16
9.79,-1.88,0.08
9.66,-1.98,-0.18
9.92,-1.99,0.1
9.64,-2.06,0.07
9.57,-1.94,0.21
9.89,-1.86,-0.05
9.52,-1.96,-0.04
10.37,-1.9,0.07
9.94,-1.67,-0.01
9.33,-2,-0.05
9.76,-2.14,-0.3
10.08,-1.88,-0.03
9.54,-2.08,0.12
10.05,-2.12,-0.09
9.89,-1.94,0.07
9.65,-2.18,-0.02
10.09,-2.12,-0.03
10.15,-1.91,0.17
9.74,-2.24,-0.06
10.03,-2.14,-0.18
10.13,-1.96,-0.25
9.72,-2.3,0.03
10.07,-2.02,-0.05
9.68,-2.22,0.01
9.93,-2.1,0.11
9.63,-2.07,-0.04
9.86,-2.31,0.15
10.14,-2.08,-0.07
9.91,-2.21,0.1
9.83,-2.01,-0.21
9.89,-2.19,0.13
9.99,-2.01,-0.22
9.69,-2.31,0.01
9.94,-1.97,-0.01
10.09,-2.21,0.13
9.71,-2.12,0.06
9.94,-2.19,-0.07
9.68,-2.06,0.01
10.02,-2.15,-0.02
9.9,-2.09,-0.01
9.81,-2.12,-0.06
9.84,-2.13,-0.05
9.81,-2.02,0.14
10.05,-2.11,-0.06
9.74,-2.1,0.03
9.73,-2.02,0.05
9.88,-2.13,0.03
9.91,-2.07,0.04
9.88,-2.12,-0.04
9.8,-2.07,-0.15
9.95,-2.08,-0.04
9.92,-2.05,0
9.87,-2.08,0.11
9.7,-2.08,-0.21
9.91,-2.09,-0.03
9.92,-2.06,0.04
9.85,-2.07,-0.01
9.91,-2.08,-0.04
9.91,-2.06,0.1
9.73,-2.08,0.06
9.85,-2.07,-0.07
9.88,-2.1,-0.12
9.85,-2.15,0.02
