13.17,-4.04,3.28,0.40,0.68,0.83,
9.85,-3.03,0.88,-0.28,0.35,-1.26,
10.25,-1.16,1.58,-0.48,-0.39,-1.56,
11.37,-0.38,-0.33,0.58,-2.52,1.36,
10.38,-0.50,0.69,0.21,-0.40,0.00,
5.78,-1.05,0.19,-0.04,-0.01,-0.97,
10.08,-0.00,0.29,-0.00,0.01,0.00,
9.83,0.05,0.08,-0.00,-0.01,-0.00,
9.81,0.04,0.10,-0.00,-0.00,0.00,
9.79,0.04,0.06,-0.00,-0.00,0.00,
9.75,0.05,0.07,-0.00,-0.00,0.00,
9.79,0.05,0.09,-0.00,-0.01,-0.00,
9.76,0.05,0.07,-0.00,-0.00,-0.00,
9.86,0.06,0.07,-0.00,-0.00,-0.00,
9.76,0.06,0.03,-0.00,-0.01,-0.00,
9.90,0.05,0.08,-0.00,0.00,-0.00,
9.85,0.04,0.01,-0.00,-0.00,-0.00,
9.88,0.04,0.05,-0.00,-0.00,-0.00,
9.70,0.06,0.06,-0.00,-0.00,-0.00,
9.74,0.04,0.03,-0.00,-0.00,-0.00,
9.71,0.03,0.07,-0.00,-0.01,0.00,
9.76,0.06,0.09,-0.00,-0.01,-0.00,
9.74,0.04,0.06,-0.00,-0.00,-0.00,
9.80,0.05,0.08,-0.00,-0.00,-0.00,
9.80,0.04,0.07,-0.00,-0.00,-0.00,
9.76,0.06,0.04,-0.00,-0.00,0.00,
9.79,0.05,0.09,-0.00,-0.00,0.00,
9.76,0.07,0.07,-0.00,-0.00,-0.00,
9.78,0.03,0.07,-0.00,-0.01,0.00,
9.78,0.04,0.09,-0.00,-0.00,-0.00,
9.76,0.04,0.08,-0.00,-0.00,-0.00,
9.89,0.05,0.01,-0.00,0.00,-0.00,
9.75,0.04,0.11,-0.00,-0.00,-0.00,
9.87,0.05,0.10,-0.00,-0.00,0.00,
9.77,0.05,0.10,-0.00,-0.00,0.00,
9.84,0.05,0.09,-0.00,-0.00,-0.00,
9.74,0.04,0.06,-0.00,-0.00,0.00,
9.85,0.06,0.09,-0.00,-0.00,0.00,
9.80,0.06,0.07,-0.00,-0.00,-0.00,
9.77,0.07,0.05,-0.00,-0.00,-0.00,
9.85,0.07,0.07,-0.00,-0.00,0.00,
9.83,0.07,0.08,-0.00,-0.00,0.00,
9.79,0.05,0.09,-0.00,-0.00,-0.00,
9.80,0.07,0.07,-0.00,-0.00,-0.00,
9.80,0.05,0.09,-0.00,-0.00,-0.00,
9.78,0.06,0.08,-0.00,-0.00,0.00,
9.80,0.04,0.08,-0.00,-0.00,-0.00,
9.79,0.04,0.07,-0.00,-0.00,-0.00,
9.82,0.05,0.07,-0.00,-0.01,0.00,
9.78,0.05,0.08,-0.00,-0.00,-0.00,
9.78,0.05,0.09,-0.00,-0.00,0.00,
9.77,0.04,0.06,-0.00,-0.00,0.00,
9.79,0.07,0.08,-0.00,-0.00,0.00,
9.83,0.06,0.06,-0.00,-0.00,-0.00,
9.77,0.23,0.10,-0.00,-0.00,-0.00,
9.89,0.18,0.12,-0.00,-0.00,0.00,
9.78,0.21,0.01,-0.00,-0.00,-0.00,
9.51,0.16,0.03,-0.00,-0.01,0.00,
10.00,0.27,0.01,-0.00,-0.00,0.00,
9.76,0.53,0.06,-0.00,-0.00,-0.00,
9.79,0.67,0.04,-0.00,-0.01,0.00,
9.89,0.92,0.05,-0.00,-0.01,0.00,
9.70,1.05,0.03,-0.00,-0.00,-0.00,
9.82,1.14,0.03,-0.01,-0.00,-0.00,
9.77,1.10,0.03,-0.00,-0.00,0.00,
9.71,1.12,0.02,-0.00,-0.00,-0.00,
9.81,1.17,0.04,-0.00,-0.00,-0.00,
9.83,1.18,0.02,-0.00,-0.00,-0.00,
9.79,1.23,-0.02,-0.00,-0.00,-0.00,
9.78,1.22,0.04,-0.00,-0.00,0.00,
9.78,1.26,0.01,-0.00,-0.00,-0.00,
9.82,1.25,0.01,-0.00,-0.00,0.00,
9.78,1.29,0.00,-0.00,-0.00,0.00,
9.77,1.32,0.09,-0.00,-0.00,-0.00,
9.84,1.30,0.00,-0.00,-0.00,0.00,
9.84,1.31,0.09,-0.00,-0.01,-0.00,
9.68,1.34,0.01,-0.00,-0.00,-0.00,
9.65,1.36,-0.03,-0.00,-0.01,-0.00,
9.75,1.35,0.01,-0.00,-0.01,0.00,
9.85,1.29,0.05,-0.00,-0.00,-0.00,
9.80,1.30,-0.02,-0.00,-0.00,-0.00,
9.79,1.33,0.06,-0.00,-0.00,-0.00,
9.75,1.31,-0.01,-0.01,-0.00,-0.00,
9.69,1.32,0.09,-0.00,-0.01,0.00,
9.73,1.30,-0.00,-0.00,-0.01,0.00,
9.84,1.32,-0.04,-0.00,-0.01,-0.00,
9.73,1.31,0.00,-0.01,-0.01,-0.00,
9.89,1.36,0.03,-0.00,-0.01,-0.00,
9.54,1.35,0.02,-0.00,-0.00,0.00,
9.83,1.29,-0.01,-0.00,-0.00,-0.00,
9.75,1.37,-0.02,-0.00,-0.00,-0.00,
9.76,1.29,0.08,-0.00,-0.00,0.00,
9.81,1.31,-0.05,-0.00,0.00,-0.00,
9.88,1.41,0.02,-0.00,-0.00,-0.00,
9.76,1.33,0.02,-0.00,-0.01,0.00,
9.82,1.31,0.04,-0.00,-0.00,0.00,
9.85,1.36,0.01,-0.00,-0.01,0.00,
9.73,1.36,0.06,-0.00,-0.01,0.00,
9.66,1.30,0.02,-0.00,-0.01,-0.00,
9.88,1.35,-0.01,-0.00,-0.01,-0.00,
9.80,1.32,0.05,-0.00,-0.00,0.00,
9.61,1.41,-0.07,-0.00,-0.00,0.00,
9.90,1.29,-0.02,-0.00,-0.00,-0.00,
9.88,1.34,-0.01,-0.00,-0.00,-0.00,
9.62,1.36,0.09,-0.00,-0.00,0.00,
9.81,1.30,0.06,-0.00,0.00,-0.00,
9.85,1.34,0.07,-0.00,0.00,-0.00,
9.93,1.31,0.01,-0.00,0.00,-0.00,
9.87,1.36,0.08,-0.00,0.00,-0.00,
9.69,1.49,0.23,-0.00,-0.00,0.00,
9.77,1.30,0.19,-0.00,-0.00,0.00,
9.99,1.27,0.02,-0.00,-0.01,0.00,
9.51,1.45,0.01,-0.00,-0.01,-0.00,
9.74,1.27,0.09,-0.00,-0.01,0.00,
9.78,1.42,0.09,-0.01,-0.01,0.00,
9.81,1.31,0.07,-0.00,-0.00,-0.00,
9.76,1.41,-0.08,-0.00,-0.01,0.00,
10.03,1.39,-0.03,-0.00,0.00,-0.00,
9.76,1.32,0.01,-0.00,0.01,-0.00,
9.89,1.47,-0.07,-0.01,0.00,0.00,
9.74,1.37,0.06,-0.01,-0.00,-0.00,
9.77,1.31,0.09,-0.00,-0.00,-0.00,
9.79,1.47,0.04,-0.00,-0.01,0.00,
9.82,1.36,0.07,-0.00,-0.01,-0.00,
9.73,1.31,-0.03,-0.00,-0.02,0.00,
9.87,1.33,-0.07,-0.00,-0.02,0.00,
9.79,1.46,0.02,-0.00,-0.01,-0.00,
9.52,1.45,0.02,-0.00,-0.00,-0.00,
9.54,1.40,0.06,-0.00,0.01,-0.00,
9.82,1.35,-0.17,-0.01,-0.00,0.00,
9.84,1.44,0.18,-0.01,-0.01,0.00,
9.61,1.42,0.16,-0.00,-0.00,0.00,
9.61,1.41,0.10,-0.00,-0.00,0.01,
9.72,1.34,-0.03,-0.00,-0.01,0.01,
9.74,1.33,0.10,-0.00,-0.01,0.01,
9.93,1.26,0.19,-0.00,-0.00,0.01,
9.58,1.26,-0.22,-0.00,-0.02,0.01,
9.77,1.23,-0.15,-0.00,-0.01,0.01,
9.68,1.29,0.01,-0.00,-0.01,0.01,
9.69,1.21,0.41,-0.00,0.00,0.01,
10.00,1.24,0.22,-0.00,0.02,0.01,
9.55,1.20,-0.03,-0.00,0.00,0.00,
9.99,1.20,-0.05,-0.00,-0.01,0.00,
9.71,1.08,0.11,-0.00,-0.00,-0.00,
9.53,1.22,-0.18,-0.00,-0.00,-0.00,
9.81,1.06,-0.18,-0.01,-0.00,0.00,
10.05,1.15,-0.23,-0.00,-0.01,-0.00,
9.61,1.08,-0.00,-0.00,-0.00,-0.00,
10.00,1.13,-0.04,-0.00,-0.02,-0.00,
9.49,1.10,0.05,-0.00,-0.01,-0.00,
9.64,1.06,0.02,-0.00,-0.01,0.00,
9.78,1.12,-0.02,-0.00,-0.01,0.00,
9.77,1.13,-0.06,-0.00,-0.01,-0.00,
9.74,1.09,-0.16,-0.00,-0.00,-0.00,
9.86,1.16,-0.15,-0.00,-0.00,-0.00,
9.52,1.02,-0.09,-0.00,0.01,0.00,
9.35,1.14,0.10,-0.00,0.00,-0.00,
9.76,0.97,0.10,-0.00,-0.00,-0.00,
9.99,1.07,0.08,-0.00,-0.00,-0.00,
9.68,0.99,0.13,-0.00,-0.00,0.00,
9.46,1.00,0.11,-0.00,-0.01,0.00,
9.76,1.18,0.03,-0.00,-0.01,0.00,
9.66,1.01,0.23,-0.01,-0.00,0.00,
9.86,1.15,0.13,-0.01,-0.01,-0.00,
9.86,0.93,0.10,-0.01,-0.01,-0.00,
9.71,1.05,0.28,-0.00,-0.00,-0.00,
9.87,0.94,0.21,-0.00,0.01,-0.00,
9.53,0.98,-0.05,-0.00,0.00,-0.00,
9.85,1.05,0.01,-0.00,0.00,-0.00,
10.05,0.85,0.11,-0.00,0.01,0.00,
9.62,1.03,0.18,-0.00,-0.00,0.00,
9.46,1.00,0.11,-0.00,-0.00,0.00,
9.59,0.81,0.15,-0.00,0.01,0.01,
9.72,1.19,0.01,-0.00,0.01,0.00,
10.06,0.68,0.23,-0.00,0.01,0.01,
9.61,0.91,-0.31,-0.00,0.01,0.01,
9.86,0.68,-0.28,-0.01,0.01,0.01,
9.55,0.52,-0.13,-0.01,0.01,0.01,
9.65,0.51,0.01,-0.01,0.01,0.01,
9.70,0.56,-0.02,-0.01,0.02,0.01,
9.75,0.36,-0.14,-0.02,0.03,0.01,
9.56,0.51,0.05,-0.01,0.01,0.01,
9.72,0.30,0.11,-0.01,0.02,0.01,
9.47,0.44,-0.02,-0.02,0.02,0.01,
9.49,0.21,0.12,-0.03,0.02,0.01,
9.71,0.37,-0.03,-0.03,0.01,0.01,
9.47,0.15,-0.42,-0.03,0.02,0.01,
9.21,0.33,-0.27,-0.04,0.02,0.02,
9.41,0.13,-0.13,-0.04,0.01,0.02,
9.58,0.18,-0.39,-0.05,0.02,0.01,
9.63,0.17,-0.35,-0.05,0.02,0.02,
9.46,0.04,-0.17,-0.05,0.02,0.02,
9.67,-0.05,-0.43,-0.05,0.01,0.02,
9.64,0.06,-0.50,-0.05,-0.00,0.02,
9.71,-0.09,-0.50,-0.05,-0.02,0.02,
9.49,-0.06,-0.44,-0.05,-0.00,0.02,
9.30,-0.22,-0.39,-0.06,0.00,0.02,
10.22,-0.03,-0.64,-0.06,0.01,0.01,
9.61,-0.18,-0.64,-0.05,0.00,0.02,
9.27,-0.27,-0.69,-0.05,-0.02,0.02,
9.66,-0.06,-0.59,-0.05,-0.02,0.02,
9.49,-0.62,-0.35,-0.05,-0.02,0.02,
9.47,-0.05,-0.21,-0.05,-0.03,0.02,
9.76,-0.33,-0.16,-0.05,-0.01,0.02,
9.83,-0.40,-0.37,-0.05,-0.01,0.02,
9.70,-0.37,-0.60,-0.04,-0.03,0.01,
9.83,-0.35,-0.21,-0.04,-0.04,0.01,
10.11,-0.51,-0.00,-0.03,-0.03,-0.00,
9.74,-0.44,-0.09,-0.03,-0.02,-0.00,
9.46,-0.34,-0.13,-0.03,-0.03,-0.01,
9.67,-0.50,-0.53,-0.03,-0.04,-0.01,
9.97,-0.35,0.15,-0.02,-0.04,-0.01,
10.14,-0.40,-0.07,-0.02,-0.02,-0.01,
10.23,-0.23,-0.14,-0.01,-0.03,-0.01,
9.97,-0.52,0.09,-0.02,-0.01,-0.01,
10.06,-0.37,-0.02,-0.01,-0.03,-0.02,
10.26,-0.17,0.24,-0.01,-0.01,-0.02,
10.15,-0.43,0.02,-0.01,-0.01,-0.02,
10.19,-0.21,0.02,-0.00,-0.00,-0.02,
9.86,-0.31,-0.06,-0.00,-0.01,-0.01,
10.25,-0.20,0.14,-0.00,-0.00,-0.02,
10.34,-0.25,0.20,-0.00,0.00,-0.02,
9.99,-0.24,0.28,-0.00,0.00,-0.02,
10.22,-0.13,0.24,-0.00,-0.00,-0.02,
9.69,-0.30,0.27,-0.00,-0.01,-0.02,
9.91,-0.19,0.22,0.00,-0.01,-0.01,
9.94,-0.19,-0.21,-0.00,-0.02,-0.02,
10.22,-0.09,0.01,0.00,-0.03,-0.02,
10.18,-0.35,0.19,0.00,-0.03,-0.01,
9.80,-0.09,0.37,0.01,-0.01,-0.01,
9.91,-0.20,0.07,0.01,-0.03,-0.02,
9.98,-0.16,0.11,0.01,-0.02,-0.02,
10.05,-0.19,0.23,0.02,-0.03,-0.02,
9.93,-0.04,-0.05,0.02,-0.04,-0.02,
9.68,-0.04,0.28,0.02,-0.03,-0.02,
9.95,-0.07,0.30,0.02,-0.03,-0.02,
9.94,0.10,0.45,0.02,-0.02,-0.01,
10.04,0.07,0.46,0.03,-0.01,-0.02,
9.80,0.06,0.35,0.03,-0.02,-0.01,
9.37,-0.02,0.34,0.03,-0.04,-0.01,
9.94,0.20,0.43,0.04,-0.04,-0.01,
9.99,0.00,0.54,0.04,-0.03,-0.01,
9.99,0.16,0.52,0.04,-0.02,-0.01,
9.92,0.10,0.47,0.04,-0.02,-0.00,
9.82,0.20,0.50,0.04,-0.02,-0.00,
9.90,-0.03,0.65,0.05,-0.03,-0.00,
9.76,0.06,0.36,0.05,-0.03,-0.00,
10.31,0.26,0.55,0.05,-0.04,-0.01,
10.00,0.04,0.50,0.05,-0.03,-0.01,
9.88,0.19,0.44,0.05,-0.04,-0.00,
9.91,-0.03,0.55,0.05,-0.03,-0.01,
10.37,0.27,0.54,0.06,-0.03,-0.01,
10.42,-0.05,0.68,0.07,-0.03,-0.01,
9.61,-0.12,0.50,0.07,-0.02,-0.01,
10.11,0.32,0.63,0.07,-0.03,-0.01,
9.87,-0.21,0.51,0.07,-0.03,-0.01,
9.93,0.03,0.61,0.07,-0.02,-0.01,
9.76,0.05,0.69,0.07,-0.01,-0.01,
10.07,0.09,0.78,0.07,-0.01,-0.01,
9.78,0.09,0.75,0.07,-0.00,-0.01,
9.90,-0.04,0.53,0.07,-0.01,-0.01,
9.52,0.11,0.73,0.07,-0.01,-0.00,
9.49,-0.02,1.04,0.07,0.00,-0.01,
10.02,0.02,0.75,0.08,0.00,-0.00,
9.82,0.03,0.65,0.08,0.00,-0.00,
10.17,0.04,0.44,0.08,-0.01,-0.00,
9.45,-0.09,0.62,0.07,-0.01,0.01,
9.30,-0.15,0.88,0.07,0.00,0.00,
9.43,-0.00,1.12,0.07,0.02,0.00,
10.04,-0.02,0.81,0.07,0.02,0.01,
10.13,-0.37,0.53,0.08,-0.00,0.01,
9.48,0.01,0.70,0.08,-0.02,0.01,
9.69,-0.09,1.06,0.08,-0.01,0.01,
9.30,-0.31,1.22,0.08,0.01,0.00,
10.08,-0.00,0.87,0.07,0.03,0.00,
9.54,-0.28,0.65,0.07,-0.01,0.01,
9.75,-0.05,0.73,0.08,-0.01,0.00,
9.34,-0.29,0.95,0.08,0.01,0.01,
9.18,-0.38,0.83,0.08,0.01,0.00,
9.65,-0.01,0.49,0.08,0.00,0.00,
9.31,-0.49,0.54,0.07,-0.02,0.00,
9.77,-0.13,0.97,0.07,-0.02,0.01,
8.99,-0.34,0.88,0.07,-0.01,0.01,
9.78,-0.37,0.89,0.07,0.02,0.00,
9.70,-0.34,0.49,0.07,0.00,0.01,
9.46,-0.56,0.62,0.08,-0.01,0.00,
9.20,-0.11,0.95,0.08,0.00,0.01,
9.50,-0.47,1.15,0.08,0.02,0.00,
9.84,-0.43,0.65,0.07,0.01,0.00,
9.46,-0.46,0.40,0.07,-0.01,0.01,
10.15,-0.48,1.08,0.07,-0.01,0.00,
9.44,-0.53,1.02,0.08,-0.00,0.00,
9.74,-0.60,0.88,0.08,0.01,0.00,
9.64,-0.49,0.49,0.08,0.00,0.00,
9.95,-0.51,0.52,0.08,-0.02,-0.00,
10.07,-0.69,0.71,0.07,-0.03,-0.00,
9.67,-0.57,0.65,0.07,-0.01,-0.01,
10.19,-0.52,0.78,0.07,0.01,-0.01,
9.75,-0.61,0.70,0.07,-0.01,-0.01,
10.07,-0.63,0.74,0.08,0.00,-0.01,
9.66,-0.61,0.43,0.08,-0.01,-0.01,
10.11,-0.52,0.85,0.08,-0.02,-0.01,
10.24,-0.67,0.48,0.07,0.01,-0.01,
10.14,-0.55,0.68,0.07,0.01,-0.01,
9.89,-0.60,0.29,0.07,-0.00,-0.01,
9.83,-0.66,0.67,0.07,-0.01,-0.01,
10.30,-0.67,0.65,0.07,0.00,-0.01,
9.83,-0.67,0.56,0.07,0.00,-0.01,
10.29,-0.60,0.72,0.07,0.00,-0.01,
9.61,-0.77,0.28,0.07,-0.01,-0.01,
9.69,-0.57,0.44,0.07,0.01,-0.01,
9.69,-0.79,0.45,0.07,-0.01,-0.01,
9.84,-0.49,0.54,0.08,0.01,-0.01,
10.22,-0.80,0.65,0.08,-0.01,-0.01,
9.63,-0.65,0.52,0.07,-0.00,-0.01,
10.26,-0.59,0.35,0.07,-0.01,-0.01,
9.52,-0.88,0.68,0.07,0.00,-0.01,
10.57,-0.57,0.81,0.07,0.01,-0.01,
9.94,-0.81,0.40,0.07,-0.01,-0.01,
10.16,-0.52,0.71,0.07,-0.02,-0.02,
10.15,-0.78,0.60,0.07,-0.02,-0.02,
9.94,-0.52,0.92,0.07,-0.01,-0.03,
10.26,-0.66,0.73,0.07,0.00,-0.02,
9.76,-0.66,0.50,0.07,-0.01,-0.03,
10.53,-0.61,0.81,0.07,-0.00,-0.03,
10.25,-0.49,0.51,0.07,-0.02,-0.02,
10.04,-0.56,0.78,0.07,-0.01,-0.03,
9.97,-0.52,0.87,0.07,0.01,-0.02,
9.69,-0.54,0.52,0.07,0.01,-0.02,
10.29,-0.59,0.37,0.07,0.02,-0.03,
9.95,-0.39,0.12,0.07,0.01,-0.02,
10.69,-0.55,0.10,0.07,0.01,-0.02,
10.27,-0.33,0.42,0.06,0.02,-0.02,
9.69,-0.60,0.41,0.06,0.04,-0.03,
10.30,-0.42,0.39,0.06,0.04,-0.02,
10.00,-0.56,-0.07,0.06,0.03,-0.02,
10.35,-0.29,0.22,0.06,0.01,-0.02,
10.16,-0.54,-0.10,0.06,0.00,-0.02,
10.17,-0.43,0.26,0.05,0.03,-0.02,
10.19,-0.26,0.13,0.04,0.03,-0.03,
10.06,-0.40,0.39,0.04,0.03,-0.02,
9.71,-0.23,0.27,0.04,0.01,-0.02,
9.96,-0.26,0.24,0.04,0.02,-0.02,
10.06,-0.22,-0.02,0.04,0.02,-0.02,
10.04,-0.19,0.07,0.03,0.02,-0.02,
9.80,-0.27,0.00,0.03,0.03,-0.02,
9.71,-0.07,0.16,0.03,0.02,-0.02,
10.10,-0.26,0.20,0.03,0.02,-0.02,
10.04,0.01,0.03,0.03,0.03,-0.02,
10.07,-0.09,0.13,0.02,0.01,-0.02,
9.63,-0.09,0.27,0.02,0.02,-0.02,
9.97,0.08,0.50,0.02,0.02,-0.02,
9.95,-0.16,0.12,0.01,0.03,-0.02,
10.15,0.15,-0.07,0.01,0.02,-0.01,
10.26,-0.04,-0.06,0.00,-0.01,-0.01,
10.04,-0.05,0.26,-0.00,0.03,-0.01,
10.13,0.26,0.46,-0.00,0.04,-0.02,
10.32,-0.33,0.29,0.00,0.03,-0.02,
9.88,0.37,-0.25,0.01,-0.00,-0.02,
9.94,-0.10,-0.01,0.01,-0.01,-0.01,
9.73,0.15,-0.05,0.00,-0.01,-0.01,
10.26,0.25,0.48,0.00,0.01,-0.01,
9.55,-0.24,0.26,-0.01,0.01,-0.00,
9.73,0.46,-0.07,-0.01,-0.01,-0.00,
9.61,-0.34,-0.03,-0.01,-0.01,0.00,
9.36,0.51,-0.21,-0.01,-0.02,0.00,
10.04,-0.10,-0.18,-0.01,-0.01,-0.00,
9.81,0.18,-0.06,-0.01,-0.01,0.00,
9.97,0.13,-0.04,-0.01,-0.00,0.00,
9.61,-0.10,0.06,-0.01,-0.00,-0.00,
9.79,0.45,-0.07,-0.00,0.00,-0.00,
10.17,-0.36,0.00,-0.00,-0.00,-0.00,
9.75,0.56,-0.08,-0.00,-0.00,0.00,
9.67,-0.18,-0.20,-0.01,-0.01,-0.00,
9.86,0.19,0.08,-0.01,-0.01,-0.00,
10.00,0.24,0.12,-0.01,-0.00,0.00,
9.71,-0.17,0.05,-0.01,-0.01,0.00,
9.48,0.40,0.30,-0.00,-0.01,-0.00,
10.14,-0.24,0.07,0.00,0.00,-0.00,
9.95,0.32,-0.11,-0.00,0.01,0.00,
9.49,-0.00,-0.04,-0.00,0.01,-0.00,
9.86,0.15,0.08,-0.00,0.01,-0.00,
9.72,0.06,0.00,-0.00,0.00,-0.00,
10.03,0.15,-0.15,-0.00,-0.02,-0.00,
9.67,0.03,-0.17,-0.01,-0.03,0.00,
9.60,0.18,-0.05,-0.01,-0.01,-0.00,
10.19,0.21,0.17,-0.01,-0.01,-0.00,
9.79,0.03,-0.11,-0.00,0.01,-0.00,
9.73,0.24,0.25,-0.00,-0.01,0.00,
9.61,-0.07,0.06,-0.00,-0.01,-0.00,
9.69,0.27,0.41,-0.00,-0.00,0.00,
9.86,-0.12,0.11,-0.00,-0.00,0.00,
9.81,0.22,0.12,-0.00,-0.00,0.00,
9.77,0.08,0.39,0.00,-0.00,-0.00,
9.68,0.15,0.31,0.00,-0.01,-0.00,
9.17,-0.03,0.18,0.00,0.01,-0.00,
9.95,0.27,0.10,-0.00,0.00,0.00,
9.80,-0.07,0.16,-0.00,0.00,-0.00,
9.96,0.09,0.24,0.00,-0.01,-0.00,
9.67,0.25,0.24,-0.00,0.00,0.00,
9.53,-0.11,0.20,-0.00,-0.01,0.00,
9.46,0.25,-0.04,-0.01,-0.01,-0.00,
9.68,-0.04,-0.06,-0.01,-0.01,0.00,
10.08,0.20,-0.08,-0.01,-0.00,0.00,
9.71,-0.01,-0.11,-0.01,-0.00,0.00,
10.03,-0.00,0.06,-0.01,-0.01,-0.00,
9.80,-0.04,-0.19,-0.01,-0.00,-0.00,
9.45,-0.24,-0.03,-0.01,0.00,-0.00,
9.74,-0.23,-0.15,-0.01,-0.00,0.00,
9.71,-0.28,0.04,-0.00,0.00,-0.00,
10.27,-0.28,-0.05,-0.00,0.01,-0.00,
9.92,-0.22,-0.01,-0.00,-0.00,0.00,
9.44,-0.32,-0.13,-0.00,-0.00,0.00,
9.56,-0.30,-0.11,-0.00,0.00,0.00,
9.69,-0.27,-0.17,-0.01,0.00,-0.00,
10.03,-0.33,-0.03,-0.00,-0.00,0.00,
10.14,-0.27,0.07,-0.00,-0.01,0.00,
9.81,-0.39,0.02,-0.00,-0.00,-0.00,
9.73,-0.35,-0.07,-0.00,-0.01,-0.00,
9.87,-0.17,0.03,-0.01,-0.02,0.00,
9.75,-0.52,0.06,-0.01,-0.03,0.00,
9.90,-0.20,0.39,-0.00,-0.00,0.00,
10.06,-0.39,0.26,-0.00,0.01,-0.00,
10.04,-0.30,-0.23,-0.00,-0.00,-0.00,
9.85,-0.45,-0.04,-0.00,-0.01,-0.00,
9.97,-0.36,0.09,-0.00,-0.00,-0.01,
9.82,-0.30,0.10,-0.00,-0.01,-0.01,
9.71,-0.49,-0.03,-0.01,0.01,-0.01,
9.98,-0.26,0.01,-0.01,0.00,-0.02,
10.04,-0.41,0.23,-0.00,-0.00,-0.01,
9.95,-0.32,0.28,-0.00,-0.00,-0.01,
10.03,-0.16,0.30,-0.00,-0.00,-0.01,
9.96,-0.47,-0.09,-0.00,-0.01,-0.01,
10.24,-0.25,-0.11,-0.01,-0.01,-0.01,
9.94,-0.26,0.11,-0.01,-0.01,-0.01,
10.01,-0.36,0.10,-0.01,0.00,-0.01,
10.14,-0.21,0.13,-0.01,-0.00,-0.01,
10.04,-0.27,0.20,-0.00,0.00,-0.02,
10.01,-0.24,0.08,-0.00,0.00,-0.01,
10.12,-0.18,0.16,-0.00,-0.01,-0.01,
9.81,-0.26,-0.09,-0.00,0.01,-0.02,
9.91,-0.18,-0.19,-0.00,0.00,-0.01,
10.01,-0.12,-0.20,-0.01,0.00,-0.01,
9.69,-0.29,0.01,-0.01,0.01,-0.01,
10.10,-0.11,0.12,-0.00,0.00,-0.01,
10.26,-0.15,0.13,-0.01,0.01,-0.01,
10.00,-0.24,-0.07,-0.01,0.01,-0.01,
9.80,-0.04,-0.10,-0.01,-0.00,-0.01,
10.21,-0.24,0.28,-0.02,0.01,-0.01,
10.36,0.00,0.17,-0.01,0.02,-0.02,
9.78,-0.09,0.22,-0.01,0.02,-0.01,
9.89,-0.18,0.07,-0.02,0.01,-0.01,
10.22,0.01,0.01,-0.02,0.01,-0.01,
9.86,-0.12,-0.07,-0.02,0.00,-0.01,
10.08,-0.14,-0.07,-0.02,0.01,-0.01,
10.11,0.07,0.07,-0.03,0.01,-0.01,
9.79,-0.11,0.21,-0.03,0.02,-0.01,
9.69,0.13,0.01,-0.03,0.01,-0.01,
9.55,-0.03,-0.06,-0.03,0.01,-0.01,
10.09,0.07,-0.27,-0.03,0.01,-0.00,
9.88,-0.04,-0.25,-0.03,0.01,-0.00,
9.81,0.02,-0.23,-0.03,0.01,0.00,
10.04,-0.00,0.10,-0.04,0.00,0.00,
9.79,-0.09,-0.09,-0.03,0.01,0.00,
9.80,0.07,0.18,-0.03,0.00,0.00,
9.71,0.01,0.06,-0.03,-0.00,-0.00,
9.91,-0.07,0.21,-0.03,0.00,0.00,
10.09,0.12,-0.22,-0.04,-0.00,0.00,
9.91,-0.04,-0.12,-0.04,-0.01,-0.00,
9.83,0.11,0.05,-0.04,0.00,-0.00,
9.83,-0.06,0.10,-0.03,-0.00,0.00,
9.75,0.10,0.15,-0.04,-0.01,0.00,
9.73,-0.08,0.16,-0.03,-0.01,0.00,
9.75,0.04,0.14,-0.03,-0.01,0.00,
9.93,0.04,0.05,-0.03,-0.01,-0.00,
9.76,-0.03,0.17,-0.03,-0.01,0.00,
9.66,0.12,-0.18,-0.03,-0.01,0.00,
9.94,-0.01,-0.02,-0.04,-0.01,0.00,
9.96,0.17,-0.10,-0.03,-0.01,-0.00,
9.79,-0.05,0.22,-0.03,-0.01,0.00,
9.68,0.14,-0.09,-0.03,-0.00,-0.00,
9.88,-0.01,-0.12,-0.03,-0.01,0.00,
9.88,0.07,-0.04,-0.03,-0.00,-0.00,
9.86,-0.01,-0.21,-0.03,-0.01,0.00,
9.96,0.16,0.30,-0.03,-0.00,-0.00,
9.63,0.05,-0.10,-0.03,0.00,0.00,
9.78,0.18,0.05,-0.03,0.00,-0.00,
9.79,0.00,-0.18,-0.03,0.00,-0.00,
9.77,0.20,0.04,-0.04,-0.00,0.00,
10.01,0.03,0.07,-0.04,0.01,0.00,
9.87,0.20,0.03,-0.04,-0.00,-0.00,
9.85,0.05,0.28,-0.03,0.01,-0.00,
9.61,0.16,0.04,-0.03,0.01,-0.00,
9.86,0.14,0.16,-0.03,-0.00,-0.00,
9.97,0.17,0.13,-0.03,0.00,-0.00,
9.81,0.07,0.08,-0.03,0.00,-0.00,
9.87,0.24,-0.09,-0.03,0.00,-0.00,
9.77,0.07,0.03,-0.03,-0.01,0.00,
9.99,0.31,0.13,-0.03,0.00,-0.00,
9.70,0.07,0.03,-0.03,0.01,0.00,
10.01,0.31,0.11,-0.03,0.01,-0.00,
9.70,0.13,0.10,-0.03,0.00,0.00,
9.93,0.26,0.28,-0.03,-0.00,0.00,
9.95,0.11,0.27,-0.03,-0.01,0.00,
9.72,0.25,0.17,-0.03,-0.01,-0.00,
10.08,0.07,0.13,-0.03,-0.01,0.00,
9.77,0.30,0.20,-0.03,-0.00,0.00,
9.84,0.10,0.09,-0.03,-0.01,-0.00,
9.78,0.23,0.22,-0.03,-0.01,-0.00,
9.59,0.10,0.27,-0.03,-0.00,-0.00,
9.91,0.28,0.13,-0.03,-0.01,0.00,
9.80,0.20,0.30,-0.03,0.00,-0.00,
9.80,0.23,0.39,-0.03,0.00,-0.00,
9.86,0.22,0.12,-0.03,0.01,-0.00,
9.51,0.21,0.25,-0.03,-0.00,-0.00,
9.62,0.24,0.06,-0.03,-0.02,0.00,
9.78,0.21,0.16,-0.03,-0.01,0.00,
9.70,0.30,0.14,-0.03,-0.01,-0.00,
9.92,0.27,0.17,-0.03,-0.01,-0.00,
9.69,0.23,0.27,-0.03,-0.01,0.00,
9.75,0.33,0.33,-0.03,0.00,0.00,
9.87,0.25,0.12,-0.03,-0.00,0.00,
9.77,0.32,0.24,-0.03,-0.01,-0.00,
9.66,0.22,-0.00,-0.03,0.00,0.00,
9.69,0.30,0.13,-0.03,-0.00,0.00,
9.72,0.27,0.04,-0.03,-0.00,0.01,
9.75,0.29,0.35,-0.03,-0.01,0.01,
9.66,0.26,0.22,-0.03,-0.01,0.01,
9.67,0.29,0.33,-0.03,-0.01,0.01,
9.81,0.30,0.19,-0.03,-0.00,0.01,
9.73,0.22,0.40,-0.03,0.00,0.01,
9.71,0.33,0.21,-0.03,-0.01,0.01,
9.67,0.18,0.19,-0.03,-0.01,0.01,
9.66,0.29,0.26,-0.03,-0.00,0.01,
9.48,0.01,0.22,-0.03,-0.01,0.01,
9.73,-0.08,0.26,-0.03,-0.00,0.01,
10.00,-0.17,0.35,-0.03,-0.00,0.01,
9.61,-0.36,0.26,-0.03,-0.00,0.01,
9.58,-0.44,0.14,-0.03,-0.01,0.01,
9.51,-0.34,0.18,-0.03,-0.01,0.01,
9.82,-0.43,0.44,-0.03,-0.00,0.01,
9.60,-0.29,0.25,-0.03,-0.00,0.01,
9.74,-0.45,0.24,-0.03,-0.00,0.01,
9.88,-0.48,0.25,-0.03,-0.01,0.01,
9.49,-0.43,0.25,-0.03,-0.01,0.01,
10.12,-0.40,0.19,-0.02,-0.01,0.01,
9.83,-0.45,0.26,-0.02,-0.00,0.01,
9.63,-0.54,0.20,-0.02,-0.01,0.01,
9.52,-0.41,0.33,-0.02,-0.01,0.01,
9.98,-0.39,0.47,-0.02,-0.01,0.01,
9.83,-0.53,0.35,-0.02,-0.01,0.01,
9.70,-0.55,0.20,-0.02,-0.02,0.01,
9.63,-0.50,0.38,-0.02,-0.02,0.01,
9.84,-0.50,0.50,-0.02,-0.01,0.01,
9.55,-0.57,0.24,-0.02,-0.00,0.01,
9.68,-0.56,0.32,-0.02,-0.01,0.01,
9.80,-0.44,0.27,-0.02,-0.02,0.01,
9.78,-0.62,0.30,-0.01,-0.01,0.01,
9.60,-0.56,0.19,-0.01,-0.02,0.01,
9.86,-0.50,0.28,-0.01,-0.02,0.01,
9.63,-0.64,0.23,-0.02,-0.01,0.01,
9.63,-0.62,0.10,-0.02,-0.01,0.01,
9.66,-0.56,0.29,-0.02,-0.02,0.01,
9.55,-0.68,0.36,-0.01,-0.02,0.01,
9.78,-0.63,0.29,-0.01,-0.01,0.01,
9.87,-0.68,0.20,-0.01,-0.02,0.01,
9.87,-0.72,0.35,-0.01,-0.02,0.01,
9.66,-0.64,0.38,-0.01,-0.02,0.01,
9.76,-0.75,0.22,-0.01,-0.01,0.01,
9.82,-0.76,0.25,-0.01,-0.01,0.01,
9.75,-0.66,0.34,-0.01,-0.01,0.01,
9.73,-0.79,0.29,-0.01,-0.01,0.01,
9.98,-0.76,0.09,-0.01,-0.01,0.01,
9.52,-0.79,0.11,-0.01,-0.01,0.01,
9.72,-0.72,0.20,-0.01,-0.01,0.01,
10.15,-0.78,0.28,-0.01,-0.01,0.00,
9.75,-0.77,0.14,-0.01,-0.01,0.01,
9.79,-0.80,0.17,-0.01,-0.01,0.01,
9.88,-0.82,0.09,-0.00,-0.02,0.00,
9.92,-0.86,0.15,-0.00,-0.01,0.00,
9.68,-0.78,0.01,-0.01,-0.01,0.01,
9.89,-0.94,0.11,-0.01,-0.01,0.00,
9.90,-0.76,0.06,-0.01,-0.00,0.00,
9.83,-0.88,0.19,-0.00,-0.00,0.00,
10.08,-0.85,0.08,-0.00,0.00,0.00,
9.76,-0.84,0.10,-0.01,-0.01,0.00,
9.66,-0.82,0.15,-0.01,-0.00,0.00,
9.74,-0.91,0.10,-0.01,-0.01,0.00,
9.93,-0.84,0.17,-0.01,-0.01,0.00,
9.76,-0.85,0.11,-0.01,-0.01,0.00,
9.56,-0.94,0.13,-0.00,-0.01,0.00,
9.97,-0.83,0.10,-0.00,-0.00,0.00,
9.76,-0.91,-0.01,-0.00,-0.00,0.00,
9.80,-0.88,0.08,-0.01,-0.01,0.00,
9.83,-0.92,0.15,-0.01,-0.00,0.00,
9.69,-0.89,0.14,-0.00,-0.00,0.00,
9.76,-0.83,0.16,-0.00,-0.01,-0.00,
9.87,-0.81,0.12,-0.00,-0.00,-0.00,
9.66,-0.93,0.14,-0.00,-0.00,0.00,
9.89,-0.87,0.10,-0.00,-0.00,0.00,
9.81,-0.83,0.24,-0.00,-0.01,-0.00,
9.73,-0.93,0.08,-0.00,-0.00,0.00,
9.71,-0.81,0.14,-0.00,-0.00,0.00,
9.82,-0.90,0.10,-0.00,-0.01,0.00,
9.95,-0.88,0.13,-0.00,-0.01,0.00,
9.85,-0.85,0.06,-0.00,-0.01,0.00,
9.83,-0.83,0.04,-0.00,-0.01,0.00,
9.68,-0.84,0.17,-0.00,-0.01,0.00,
9.74,-0.91,0.01,-0.00,-0.01,0.00,
9.86,-0.87,0.05,-0.00,-0.00,-0.00,
9.91,-0.85,0.01,-0.00,-0.00,-0.00,
9.86,-0.83,0.15,-0.00,-0.00,-0.00,
9.76,-0.88,0.02,-0.00,-0.00,0.00,
9.70,-0.85,0.06,-0.00,-0.00,0.00,
9.88,-0.91,0.10,-0.00,-0.00,0.00,
9.88,-0.94,0.09,-0.00,-0.00,-0.00,
9.74,-0.76,0.10,-0.00,-0.00,-0.00,
9.84,-0.76,0.05,-0.00,-0.01,0.00,
9.80,-0.63,0.10,-0.00,-0.00,-0.00,
9.93,-0.78,0.04,-0.00,-0.01,-0.00,
9.92,-0.75,0.13,-0.00,-0.01,0.00,
9.82,-0.79,-0.04,-0.00,-0.00,-0.00,
9.86,-0.56,0.03,-0.00,-0.01,-0.00,
9.70,-0.73,0.07,-0.00,0.00,-0.00,
9.82,-0.70,0.10,-0.00,0.00,0.00,
10.01,-0.65,0.04,-0.00,-0.00,-0.00,
10.01,-0.96,0.10,-0.00,-0.00,0.00,
9.81,-0.82,0.08,-0.00,-0.00,0.00,
9.80,-0.87,0.04,-0.00,-0.00,0.00,
9.91,-0.82,0.09,-0.00,-0.00,0.00,
9.85,-0.74,0.05,-0.00,-0.00,0.00,
9.77,-0.77,0.07,-0.00,-0.01,0.00,
9.84,-0.69,0.13,-0.00,-0.00,-0.00,
9.83,-0.74,0.07,-0.00,-0.00,-0.00,
9.85,-0.70,0.04,-0.00,-0.00,-0.00,
9.85,-0.64,0.10,-0.00,-0.00,-0.00,
9.80,-0.61,0.07,-0.00,-0.00,-0.00,
9.96,-0.59,0.05,-0.00,0.00,0.00,
9.86,-0.58,0.08,-0.00,-0.00,-0.00,
9.77,-0.53,0.12,-0.00,-0.00,0.00,
9.81,-0.45,0.05,-0.00,-0.00,-0.00,
9.81,-0.39,0.04,-0.00,-0.00,-0.00,
9.78,-0.32,0.08,-0.00,-0.00,0.00,
9.80,-0.24,0.08,-0.00,-0.00,0.00,
9.80,0.09,0.08,-0.00,0.00,-0.00,
9.69,0.20,0.02,-0.00,-0.00,-0.00,
9.85,0.03,0.10,-0.00,-0.00,-0.00,
9.80,0.00,0.03,-0.00,-0.00,-0.00,
9.79,0.09,0.05,-0.00,-0.00,-0.00,
9.77,0.06,0.08,-0.00,-0.00,0.00,
9.80,0.03,0.02,-0.00,-0.00,-0.00,
9.79,0.06,0.08,-0.00,-0.00,0.00,
9.81,0.04,0.05,-0.00,-0.00,0.00,
9.76,0.05,0.02,-0.00,-0.00,0.00,
9.81,0.05,0.04,-0.00,-0.00,0.00,
9.80,0.05,0.09,-0.00,-0.00,0.00,
9.81,0.06,0.06,-0.00,-0.00,-0.00,
9.81,-0.02,0.03,-0.01,-0.00,-0.00,
9.81,0.06,0.06,-0.00,-0.01,0.00,
9.74,0.03,0.05,-0.00,-0.00,0.00,
9.94,0.06,0.03,-0.00,-0.00,-0.00,
9.83,0.05,0.06,-0.00,-0.00,-0.00,
9.84,0.04,0.08,-0.00,-0.00,-0.00,
9.81,0.06,0.05,-0.00,-0.00,-0.00,
9.79,0.08,0.05,-0.00,-0.00,-0.00,
9.82,0.06,0.06,-0.00,-0.00,-0.00,
9.84,0.07,0.05,-0.00,-0.00,-0.00,
9.79,0.06,0.07,-0.00,-0.00,-0.00,
9.79,0.04,0.04,-0.00,-0.00,0.00,
9.79,0.04,0.02,-0.00,-0.00,0.00,
9.77,0.06,0.05,-0.00,-0.00,-0.00,
9.81,0.07,0.05,-0.00,-0.00,-0.00,
9.77,0.06,0.08,-0.00,-0.00,-0.00,
9.80,0.06,0.05,-0.00,-0.00,0.00,
9.78,0.06,0.05,-0.00,-0.00,-0.00,
9.81,0.07,0.04,-0.00,-0.00,-0.00,
9.76,0.05,0.08,-0.00,-0.00,-0.00,
9.82,0.06,0.03,-0.00,-0.00,-0.00,
9.80,0.05,0.06,-0.00,-0.00,0.00,
9.78,0.05,0.05,-0.00,-0.00,0.00,
9.82,0.06,0.02,-0.00,-0.00,0.00,
9.85,0.06,0.03,-0.00,-0.00,0.00,
9.84,0.05,0.08,-0.00,-0.00,0.00,
9.79,0.06,0.05,-0.00,-0.00,0.00,
9.85,0.07,0.05,-0.00,-0.00,-0.00,
9.80,0.08,0.08,-0.00,-0.00,-0.00,
9.83,0.06,0.06,-0.00,-0.00,0.00,
9.78,0.05,0.04,-0.00,-0.00,0.00,
9.81,0.05,0.03,-0.00,-0.00,0.00,
9.77,0.05,0.04,-0.00,-0.00,-0.00,
9.77,0.04,0.06,-0.00,-0.00,0.00,
9.84,0.06,0.05,-0.00,-0.00,-0.00,
9.81,0.07,0.02,-0.00,-0.00,-0.00,
9.80,0.06,0.03,-0.00,-0.00,0.00,
9.81,0.07,0.04,-0.00,-0.00,-0.00,
9.78,0.06,0.05,-0.00,-0.00,-0.00,
9.79,0.06,0.07,-0.00,-0.00,0.00,
9.80,0.06,0.04,-0.00,-0.00,0.00,
9.82,0.04,0.03,-0.00,-0.00,0.00,
9.77,0.05,0.04,-0.00,-0.00,0.00,
9.80,0.05,0.02,-0.00,-0.00,0.00,
9.80,0.07,0.06,-0.00,-0.00,-0.00,
9.80,0.06,0.02,-0.00,-0.00,-0.00,
9.80,0.06,0.05,-0.00,-0.00,0.00,
9.79,0.05,0.07,-0.00,-0.00,-0.00,
9.83,0.04,0.06,-0.00,-0.00,0.00,
9.81,0.06,0.05,-0.00,-0.00,0.00,
9.81,0.04,0.04,-0.00,-0.00,0.00,
9.78,0.05,0.07,-0.00,-0.00,-0.00,
9.81,0.07,0.05,-0.00,-0.00,-0.00,
9.79,0.06,0.05,-0.00,-0.00,-0.00,
9.74,0.04,0.05,-0.00,-0.00,-0.00,
9.85,0.06,0.06,-0.00,-0.00,-0.00,
9.77,0.05,0.03,-0.00,-0.00,-0.00,
9.79,0.06,0.02,-0.00,-0.00,0.00,
9.79,0.06,0.06,-0.00,0.00,-0.00,
9.79,0.06,0.05,-0.00,0.00,-0.00,
9.76,0.07,0.04,-0.00,-0.00,0.00,
9.80,0.06,0.06,-0.00,-0.00,0.00,
9.79,0.05,0.07,-0.00,-0.00,-0.00,
9.79,0.05,0.08,-0.00,-0.00,0.00,
9.80,0.05,0.03,-0.00,-0.00,-0.00,
9.79,0.06,0.05,-0.00,-0.00,-0.00,
9.79,0.07,0.02,-0.00,-0.00,-0.00,
9.81,0.06,0.08,-0.00,-0.00,0.00,
9.81,0.07,0.04,-0.00,-0.00,-0.00,
9.79,0.07,0.07,-0.00,-0.00,0.00,
9.80,0.06,0.02,-0.00,-0.00,0.00,
9.83,0.07,0.05,-0.00,-0.00,-0.00,
9.82,0.05,0.06,-0.00,-0.00,0.00,
9.80,0.06,0.05,-0.00,-0.00,0.00,
9.80,0.05,0.04,-0.00,-0.00,-0.00,
9.78,0.06,0.03,-0.00,-0.00,-0.00,
9.76,0.03,0.04,-0.00,-0.00,-0.00,
9.77,0.06,0.06,-0.00,-0.00,0.00,
10.08,0.06,0.14,-0.00,0.01,-0.00,
9.80,0.07,0.09,-0.00,-0.00,0.00,
9.80,0.06,0.01,-0.00,-0.00,0.00,
9.80,0.07,0.01,-0.00,-0.00,-0.00,
9.81,0.07,0.06,-0.00,-0.00,-0.00,
9.82,0.07,0.04,-0.00,-0.00,0.00,
9.82,0.06,0.05,-0.00,-0.00,-0.00,
9.80,0.07,0.05,-0.00,-0.00,0.00,
9.79,0.07,0.05,-0.00,-0.00,-0.00,
9.80,0.05,0.08,-0.00,-0.00,0.00,
9.80,0.06,0.05,-0.00,-0.00,-0.00,
9.81,0.06,0.04,-0.00,-0.00,0.00,
9.81,0.07,0.05,-0.00,-0.00,-0.00,
9.81,0.04,0.04,-0.00,-0.00,-0.00,
9.82,0.08,0.09,-0.00,-0.00,-0.00,
9.77,0.05,0.06,-0.00,-0.00,-0.00,
9.80,0.07,0.04,-0.00,-0.00,-0.00,
9.81,0.04,0.07,-0.00,-0.00,0.00,
9.78,0.05,0.05,-0.00,-0.00,-0.00,
9.79,0.06,0.01,-0.00,-0.00,-0.00,
9.81,0.09,0.04,-0.00,-0.00,-0.00,
9.86,0.09,0.01,-0.00,-0.00,0.00,
9.76,0.25,0.03,-0.00,-0.00,-0.00,
9.70,0.11,0.06,-0.00,-0.00,-0.00,
9.83,0.14,0.04,-0.00,-0.00,-0.00,
9.71,0.04,0.05,-0.00,-0.00,-0.00,
9.92,0.30,0.02,-0.00,-0.00,-0.00,
9.83,0.49,0.02,-0.00,-0.00,-0.00,
9.78,0.78,0.01,-0.00,-0.00,-0.00,
9.66,0.96,-0.01,-0.00,-0.00,-0.00,
9.82,1.06,-0.01,-0.00,0.00,0.00,
9.79,1.09,-0.03,-0.00,-0.00,-0.00,
9.76,1.06,0.00,-0.00,-0.00,-0.00,
9.75,1.11,-0.01,-0.00,-0.00,-0.00,
9.84,1.14,0.00,-0.00,-0.00,-0.00,
9.74,1.18,0.01,-0.00,-0.00,-0.00,
9.83,1.18,-0.01,-0.00,-0.00,-0.00,
9.87,1.13,0.01,-0.00,-0.00,0.00,
9.65,1.18,0.03,-0.00,0.00,0.00,
9.78,1.23,-0.01,-0.00,-0.00,-0.00,
9.75,1.25,0.02,-0.00,-0.00,-0.00,
9.74,1.31,-0.01,-0.00,-0.00,-0.00,
9.80,1.26,-0.02,-0.00,-0.00,0.00,
9.73,1.30,0.01,-0.00,-0.00,0.00,
9.69,1.35,-0.02,-0.00,-0.00,0.00,
9.97,1.21,-0.00,-0.00,-0.00,-0.00,
9.72,1.30,-0.01,-0.00,-0.00,0.00,
9.76,1.28,-0.02,-0.00,-0.00,0.00,
9.83,1.26,0.02,-0.00,0.00,-0.00,
9.80,1.27,0.01,-0.00,0.00,-0.00,
9.78,1.25,-0.07,-0.00,-0.00,0.00,
9.85,1.27,0.01,-0.00,-0.01,0.00,
9.70,1.24,0.01,-0.00,0.00,-0.00,
9.86,1.30,0.04,-0.01,-0.00,-0.00,
9.74,1.29,-0.01,-0.00,-0.00,0.00,
9.84,1.30,0.01,-0.00,-0.00,-0.00,
9.90,1.27,-0.08,-0.00,-0.00,-0.00,
9.76,1.36,0.05,-0.00,-0.00,-0.00,
9.70,1.25,-0.04,-0.00,0.00,0.00,
9.81,1.27,0.06,-0.00,-0.00,0.00,
9.80,1.29,-0.04,-0.00,-0.00,-0.00,
9.90,1.27,0.02,-0.00,0.00,-0.00,
9.78,1.25,-0.07,-0.00,-0.00,-0.00,
9.77,1.25,-0.01,-0.00,-0.01,-0.00,
9.83,1.27,-0.05,-0.00,-0.00,0.00,
9.81,1.24,-0.08,-0.00,-0.00,0.00,
9.69,1.33,-0.02,-0.00,-0.01,-0.00,
9.74,1.30,-0.13,-0.00,0.00,-0.00,
9.82,1.29,-0.07,-0.00,-0.00,0.00,
9.79,1.22,-0.05,-0.00,-0.00,0.00,
9.94,1.31,-0.06,-0.00,0.00,0.00,
9.61,1.23,0.07,-0.00,0.00,0.00,
9.77,1.34,-0.02,-0.00,0.00,-0.00,
9.51,1.24,-0.02,-0.00,-0.00,0.00,
9.93,1.32,0.10,-0.00,-0.00,0.00,
9.69,1.26,0.09,-0.00,0.00,-0.00,
9.74,1.29,-0.03,-0.00,0.00,0.00,
9.80,1.26,-0.04,-0.00,-0.00,-0.00,
9.81,1.32,0.11,-0.00,-0.01,0.00,
9.71,1.25,0.11,-0.00,-0.00,-0.00,
9.70,1.25,0.12,-0.00,0.00,-0.00,
9.89,1.29,-0.07,-0.00,0.00,0.00,
9.52,1.31,-0.04,-0.00,0.00,0.00,
9.83,1.22,-0.13,-0.00,0.00,-0.00,
9.75,1.29,-0.02,-0.00,0.00,0.00,
9.95,1.24,-0.29,-0.00,-0.00,-0.00,
9.70,1.22,-0.08,-0.00,-0.01,-0.00,
9.92,1.31,-0.09,-0.01,-0.01,-0.00,
9.69,1.20,-0.02,-0.00,-0.01,-0.00,
9.86,1.27,0.07,-0.00,-0.00,-0.00,
9.64,1.23,0.05,-0.00,-0.00,0.00,
9.81,1.32,-0.05,-0.00,-0.00,-0.00,
9.54,1.20,-0.10,-0.00,-0.00,-0.00,
9.70,1.22,-0.04,-0.00,-0.00,0.00,
9.87,1.28,0.10,-0.00,-0.01,-0.00,
9.68,1.36,0.05,-0.00,-0.00,-0.00,
9.64,1.35,-0.18,-0.01,-0.00,0.00,
10.17,1.30,0.01,-0.00,-0.01,0.00,
9.98,1.31,-0.02,-0.00,0.00,-0.00,
9.65,1.31,-0.11,-0.00,-0.00,-0.00,
9.58,1.26,-0.01,-0.00,0.00,-0.00,
9.79,1.23,-0.04,-0.01,0.00,0.00,
9.68,1.28,0.18,-0.00,0.00,0.00,
9.85,1.27,-0.07,-0.00,0.00,-0.00,
9.44,1.18,-0.11,-0.00,-0.01,0.00,
9.71,1.24,-0.02,-0.00,-0.01,0.00,
9.83,1.18,0.13,-0.00,-0.00,0.00,
9.71,1.11,-0.04,-0.00,0.00,0.00,
10.01,1.21,0.03,-0.00,0.00,0.00,
9.63,1.11,0.05,-0.00,0.00,0.00,
9.75,1.19,-0.01,-0.00,0.00,-0.00,
9.68,1.09,-0.00,-0.00,0.01,0.00,
9.75,1.15,-0.19,-0.00,-0.00,0.00,
9.79,1.06,-0.07,-0.00,-0.01,0.00,
9.66,1.09,-0.10,-0.00,-0.01,-0.00,
9.74,1.02,0.01,-0.00,-0.00,0.00,
9.73,1.12,-0.03,-0.00,-0.01,0.00,
9.50,1.02,0.05,-0.00,-0.00,0.00,
9.61,1.07,0.09,-0.00,0.00,0.00,
9.61,0.98,0.13,-0.00,0.01,0.00,
9.53,1.09,-0.10,-0.00,0.00,0.00,
10.04,0.95,0.09,-0.00,0.00,0.00,
9.65,1.04,0.15,-0.00,-0.00,0.00,
9.67,0.92,0.02,-0.00,0.00,0.00,
9.71,1.08,-0.01,-0.00,0.01,-0.00,
9.87,0.96,-0.21,-0.00,0.00,0.00,
9.54,0.97,-0.01,-0.01,-0.00,-0.00,
9.76,1.04,-0.12,-0.00,-0.01,0.00,
9.95,0.93,0.16,-0.00,-0.01,-0.00,
9.81,1.04,0.11,-0.00,-0.00,0.00,
9.98,0.98,0.09,-0.00,0.00,-0.00,
9.86,0.83,-0.03,-0.01,0.00,0.00,
9.79,1.18,-0.13,-0.00,0.00,-0.00,
9.88,0.68,-0.10,-0.00,0.00,0.00,
10.21,1.21,-0.20,-0.01,0.00,-0.00,
9.77,0.85,0.02,-0.00,-0.00,0.00,
9.89,1.08,-0.15,-0.00,0.00,0.00,
9.82,0.83,0.04,-0.00,-0.01,-0.00,
9.63,0.97,-0.15,-0.00,-0.01,-0.00,
10.01,0.94,0.05,-0.00,-0.01,-0.00,
9.80,0.88,-0.16,-0.00,-0.00,0.00,
9.76,1.02,-0.21,-0.01,-0.01,-0.00,
9.76,0.79,0.08,-0.00,-0.00,-0.00,
9.60,1.08,-0.09,-0.00,-0.01,-0.00,
9.52,0.79,0.14,-0.00,0.00,-0.00,
9.87,0.87,-0.02,-0.00,-0.01,0.00,
9.60,1.17,0.14,-0.01,-0.00,-0.00,
9.59,0.52,-0.06,-0.01,-0.01,0.00,
9.95,1.17,0.26,-0.00,-0.00,-0.00,
9.54,0.62,0.20,-0.00,0.01,-0.00,
9.59,1.01,0.30,-0.00,-0.01,0.00,
9.88,0.93,-0.05,-0.00,-0.01,0.00,
9.47,0.76,0.10,-0.00,-0.01,0.01,
9.36,0.98,-0.11,-0.00,0.00,0.01,
9.60,0.81,-0.08,-0.00,-0.01,0.01,
9.52,0.68,0.07,-0.01,0.00,0.01,
9.21,1.01,0.16,-0.01,0.01,0.01,
9.60,0.53,0.33,-0.00,0.00,0.01,
9.87,0.83,0.03,0.00,0.00,0.02,
9.84,0.63,0.13,-0.00,-0.00,0.01,
9.67,0.43,0.03,-0.00,-0.01,0.01,
9.84,0.52,-0.07,-0.00,-0.01,0.01,
9.82,0.44,-0.01,-0.00,-0.01,0.01,
9.69,0.27,0.15,-0.00,-0.00,0.00,
9.96,0.38,-0.01,-0.00,-0.00,-0.00,
9.91,0.46,0.02,-0.01,0.00,-0.00,
9.77,0.14,-0.05,-0.01,0.00,-0.00,
9.56,0.49,-0.04,-0.00,-0.00,0.00,
9.95,0.35,0.01,-0.00,0.00,-0.00,
9.98,0.17,-0.02,-0.00,-0.00,-0.00,
9.87,0.53,0.21,-0.00,-0.01,0.00,
9.37,0.28,-0.01,-0.00,-0.01,-0.00,
9.55,0.21,-0.13,-0.00,-0.01,0.00,
9.99,0.24,0.05,-0.01,-0.01,-0.00,
9.93,0.43,0.23,-0.00,0.00,0.00,
9.88,0.01,0.29,-0.00,0.01,0.00,
9.46,0.35,-0.05,-0.00,-0.00,-0.00,
9.53,0.27,-0.00,-0.00,-0.02,-0.00,
9.64,0.01,0.37,-0.00,-0.01,-0.00,
9.82,0.38,0.09,-0.00,-0.01,0.00,
9.66,0.24,0.01,-0.01,-0.00,-0.00,
9.61,0.07,0.08,-0.00,-0.01,0.00,
9.67,0.24,0.09,-0.00,-0.01,0.00,
9.60,0.16,0.24,-0.00,-0.01,-0.00,
9.58,0.21,-0.09,-0.00,0.00,-0.00,
10.18,-0.03,-0.10,-0.01,-0.00,0.00,
9.92,0.33,0.33,-0.01,-0.00,0.00,
9.70,0.14,0.22,-0.00,0.00,-0.00,
9.55,-0.03,0.22,-0.00,-0.00,0.00,
9.53,0.31,0.07,-0.00,0.00,-0.00,
9.80,0.12,0.05,-0.00,-0.00,-0.00,
9.86,0.00,0.17,-0.00,-0.01,0.00,
9.84,0.13,-0.09,-0.01,-0.00,-0.00,
9.44,0.15,-0.19,-0.00,-0.02,-0.00,
9.43,-0.00,0.12,-0.00,-0.01,0.00,
9.83,0.09,-0.06,-0.00,-0.00,0.00,
9.90,0.07,0.08,-0.00,-0.01,-0.00,
9.80,0.21,0.01,-0.01,-0.01,-0.00,
9.99,-0.10,0.22,-0.00,-0.01,-0.00,
9.54,0.17,0.12,-0.00,-0.00,0.00,
9.84,0.11,0.10,-0.00,-0.01,-0.00,
9.68,-0.07,-0.05,-0.00,-0.00,-0.00,
9.88,0.03,-0.15,-0.01,-0.01,-0.00,
9.85,0.21,0.01,-0.01,-0.01,-0.00,
9.72,-0.07,0.12,-0.01,0.01,-0.00,
9.87,-0.19,-0.02,-0.00,-0.00,-0.00,
9.56,0.09,-0.14,0.00,0.00,-0.00,
9.91,-0.05,-0.10,0.00,-0.02,0.00,
9.72,-0.11,-0.15,-0.00,-0.02,0.00,
9.70,-0.11,0.08,-0.01,0.00,0.00,
10.17,-0.17,0.28,-0.01,0.02,-0.00,
9.55,0.09,0.12,-0.01,0.01,-0.00,
9.78,-0.32,0.11,-0.00,0.00,0.00,
9.82,-0.00,0.11,0.00,-0.02,-0.00,
9.90,-0.04,0.26,-0.00,0.02,-0.00,
9.92,-0.28,-0.06,-0.01,0.03,-0.00,
9.64,-0.02,-0.03,-0.02,0.02,-0.00,
9.82,-0.27,0.11,-0.02,0.02,-0.00,
9.67,0.01,0.30,-0.02,0.02,-0.00,
9.97,-0.13,0.28,-0.02,0.05,0.00,
9.84,-0.14,-0.26,-0.02,0.04,0.00,
9.57,-0.07,0.05,-0.03,0.02,-0.00,
9.84,-0.20,0.11,-0.04,0.03,-0.00,
9.85,-0.11,0.08,-0.04,0.04,0.00,
9.72,-0.21,-0.05,-0.04,0.04,-0.00,
9.68,-0.01,-0.13,-0.04,0.03,-0.00,
10.06,-0.10,0.02,-0.04,0.04,0.00,
10.52,-0.17,-0.41,-0.05,0.04,-0.00,
9.73,-0.06,-0.55,-0.06,0.04,-0.00,
9.80,-0.32,-0.60,-0.06,0.03,-0.00,
9.58,-0.04,-0.43,-0.06,0.02,0.00,
9.82,-0.31,-0.49,-0.06,0.02,-0.00,
9.67,-0.11,-0.53,-0.06,0.02,-0.00,
9.90,-0.08,-0.32,-0.06,0.01,0.00,
9.75,-0.29,-0.35,-0.06,-0.00,0.00,
9.82,0.05,-0.37,-0.06,-0.00,-0.00,
9.82,-0.29,-0.40,-0.06,-0.01,-0.00,
9.82,-0.11,-0.41,-0.07,0.00,-0.00,
9.87,-0.14,-0.32,-0.06,0.00,-0.00,
9.80,-0.10,-0.35,-0.06,-0.01,-0.01,
10.01,-0.03,-0.41,-0.06,-0.02,-0.00,
10.09,-0.29,-0.36,-0.07,-0.01,0.00,
9.63,-0.13,-0.31,-0.06,-0.01,-0.00,
9.73,-0.18,-0.35,-0.07,-0.01,0.00,
10.43,-0.12,-0.32,-0.07,-0.01,-0.00,
10.02,-0.19,-0.21,-0.06,-0.01,-0.00,
9.92,-0.03,-0.11,-0.06,-0.00,-0.00,
9.76,-0.20,-0.33,-0.06,0.01,-0.00,
9.83,-0.23,-0.48,-0.07,-0.01,-0.00,
9.77,-0.03,-0.25,-0.06,-0.01,-0.00,
10.00,-0.20,-0.49,-0.07,-0.01,-0.00,
10.03,-0.18,-0.19,-0.07,0.00,-0.00,
9.51,-0.24,-0.49,-0.06,-0.01,-0.00,
9.48,-0.08,-0.08,-0.06,-0.01,0.00,
10.14,-0.20,-0.39,-0.06,-0.01,-0.00,
9.77,-0.22,-0.54,-0.06,-0.01,-0.00,
9.74,0.00,-0.47,-0.06,-0.01,0.00,
9.61,-0.31,-0.21,-0.07,0.01,-0.00,
10.14,-0.07,-0.42,-0.07,0.00,-0.01,
9.98,-0.13,-0.44,-0.06,-0.01,-0.00,
9.80,-0.28,-0.58,-0.06,-0.02,-0.00,
9.74,-0.08,-0.41,-0.06,-0.01,0.00,
9.98,-0.29,-0.49,-0.06,0.00,-0.00,
9.99,-0.12,-0.68,-0.06,-0.01,-0.00,
9.96,-0.13,-0.81,-0.07,-0.01,0.00,
10.10,-0.31,-0.49,-0.07,-0.01,0.00,
9.68,-0.11,-0.02,-0.06,0.00,0.00,
9.60,-0.21,-0.36,-0.06,-0.00,-0.00,
10.18,-0.15,-0.53,-0.06,-0.03,0.00,
9.95,-0.23,-0.82,-0.06,-0.04,0.00,
9.86,-0.24,-0.47,-0.05,-0.04,-0.00,
10.02,-0.10,-0.13,-0.05,-0.01,0.00,
10.27,-0.34,0.14,-0.05,-0.01,-0.00,
10.06,-0.11,-0.21,-0.04,-0.03,-0.00,
9.82,-0.07,-0.41,-0.04,-0.05,-0.01,
10.27,-0.28,-0.41,-0.03,-0.06,-0.01,
9.69,0.07,-0.43,-0.03,-0.04,-0.00,
10.08,-0.21,0.05,-0.03,-0.03,-0.00,
10.28,-0.01,-0.12,-0.03,-0.03,0.00,
10.11,-0.23,-0.09,-0.02,-0.03,0.00,
9.67,-0.14,-0.19,-0.02,-0.06,0.00,
9.73,0.02,0.11,-0.01,-0.05,0.00,
10.05,-0.37,0.23,-0.01,-0.03,-0.00,
10.08,0.09,-0.35,-0.01,-0.01,-0.00,
9.56,-0.25,-0.25,-0.01,-0.02,-0.00,
9.72,-0.03,0.16,-0.01,-0.03,0.00,
9.77,-0.21,0.11,-0.00,-0.02,-0.00,
9.90,-0.11,0.26,-0.00,-0.01,-0.00,
9.87,0.17,0.02,-0.00,0.02,0.00,
9.63,-0.40,0.18,-0.00,0.01,-0.00,
9.48,0.06,-0.26,-0.00,0.01,-0.00,
9.79,-0.20,0.01,-0.00,-0.00,-0.00,
9.95,-0.15,0.34,-0.00,0.01,-0.00,
9.87,-0.04,0.45,-0.00,0.02,-0.00,
9.32,-0.11,0.32,-0.00,0.01,0.00,
9.81,-0.09,-0.03,-0.00,-0.02,0.00,
9.76,-0.10,-0.09,-0.00,-0.03,0.00,
9.68,-0.07,0.07,-0.00,-0.02,-0.00,
9.82,0.00,0.13,-0.00,0.00,-0.00,
9.65,-0.15,0.05,-0.00,0.01,-0.00,
9.48,-0.12,0.04,-0.00,0.00,0.00,
9.51,-0.02,0.37,-0.01,0.00,-0.00,
9.76,-0.15,0.31,-0.00,-0.01,-0.00,
9.64,-0.01,0.24,-0.00,-0.01,0.00,
9.74,-0.09,-0.04,-0.00,-0.01,-0.00,
9.82,-0.22,0.23,-0.00,-0.01,0.00,
10.05,-0.06,0.09,-0.01,-0.01,-0.00,
9.73,-0.15,0.10,-0.00,-0.00,-0.00,
9.97,-0.07,0.41,-0.00,0.00,-0.00,
9.61,-0.07,0.18,-0.00,-0.01,-0.00,
9.33,-0.16,0.22,-0.00,-0.01,-0.00,
9.90,0.04,0.09,-0.00,-0.01,-0.00,
10.04,-0.16,-0.11,-0.00,-0.01,0.00,
9.96,-0.14,-0.01,-0.00,0.01,-0.00,
9.39,-0.00,0.05,-0.00,-0.01,-0.00,
9.31,-0.20,0.48,-0.00,0.01,-0.00,
10.22,0.08,0.12,-0.00,0.00,-0.00,
9.80,-0.07,0.02,-0.00,0.00,-0.00,
9.84,-0.00,-0.27,-0.00,0.01,-0.00,
9.98,-0.20,-0.19,-0.00,0.00,-0.00,
9.11,-0.14,-0.15,-0.00,-0.01,-0.00,
9.63,-0.12,-0.04,-0.00,-0.01,-0.00,
10.07,-0.23,0.03,-0.00,-0.01,-0.00,
9.60,-0.03,-0.23,-0.00,-0.02,0.00,
10.01,-0.19,-0.01,-0.00,-0.01,-0.00,
9.80,0.02,-0.21,-0.00,-0.01,-0.00,
9.60,-0.26,0.11,-0.01,-0.02,-0.00,
10.03,-0.12,0.27,-0.01,-0.01,-0.00,
10.05,-0.42,0.18,-0.00,0.00,0.00,
10.19,-0.51,-0.05,-0.00,0.00,-0.00,
9.98,-0.13,0.14,-0.00,-0.01,0.00,
9.65,-0.58,0.37,0.00,-0.00,-0.00,
10.09,-0.20,0.40,-0.00,0.00,0.00,
10.11,-0.31,0.18,-0.00,-0.00,0.00,
9.54,-0.42,-0.06,-0.01,-0.00,-0.00,
9.77,-0.25,-0.12,-0.01,-0.01,0.00,
9.85,-0.61,-0.02,-0.01,0.00,0.00,
9.89,-0.39,0.35,-0.01,0.01,-0.00,
9.91,-0.63,0.17,-0.00,0.00,-0.00,
9.71,-0.52,0.27,-0.00,-0.01,0.00,
9.59,-0.66,0.28,-0.00,-0.01,-0.00,
9.80,-0.72,0.05,0.00,-0.00,-0.00,
9.72,-0.52,-0.17,-0.00,-0.00,-0.00,
9.82,-0.95,-0.31,-0.01,-0.01,-0.00,
10.24,-0.67,-0.04,-0.01,-0.01,-0.00,
9.61,-0.90,-0.33,-0.00,0.00,-0.00,
9.43,-0.81,-0.04,-0.00,0.01,-0.00,
9.91,-0.97,-0.25,-0.00,-0.00,-0.01,
10.00,-0.93,-0.04,-0.00,-0.01,-0.00,
9.74,-0.95,0.41,-0.00,-0.01,-0.00,
9.74,-0.94,0.27,-0.00,0.00,-0.00,
9.79,-1.01,0.19,-0.00,0.01,-0.01,
9.93,-0.92,0.24,-0.00,0.01,-0.00,
9.59,-1.16,0.08,-0.00,0.00,0.00,
9.59,-1.22,0.11,-0.00,0.01,-0.00,
10.00,-1.38,0.14,-0.00,0.01,-0.00,
9.77,-1.45,0.03,-0.00,0.01,-0.00,
9.88,-1.53,0.08,-0.00,0.00,0.00,
9.97,-1.53,0.01,-0.01,-0.00,-0.00,
10.09,-1.20,-0.12,-0.01,-0.01,-0.00,
9.78,-1.70,0.16,-0.00,-0.01,0.00,
9.86,-1.30,0.22,-0.00,-0.00,-0.00,
9.77,-1.39,-0.02,-0.00,0.01,-0.00,
10.02,-1.36,0.05,-0.00,-0.00,-0.00,
9.75,-0.91,0.25,-0.01,-0.01,-0.00,
9.70,-1.17,0.13,-0.01,-0.01,0.00,
10.01,-0.97,0.57,-0.00,-0.02,-0.00,
9.60,-0.94,0.29,-0.00,0.02,-0.00,
9.92,-1.13,-0.09,-0.00,0.01,-0.00,
9.93,-0.80,0.01,-0.00,-0.00,-0.00,
9.96,-1.11,0.14,-0.01,-0.00,0.00,
9.78,-1.06,0.09,-0.00,-0.01,-0.00,
9.37,-1.07,0.15,-0.00,0.00,-0.00,
10.12,-0.98,0.16,-0.00,0.00,-0.00,
9.83,-1.15,-0.01,-0.00,0.01,0.00,
9.70,-1.03,-0.01,-0.00,0.00,0.00,
9.47,-1.17,0.01,-0.00,-0.01,0.00,
9.96,-0.96,0.20,-0.00,-0.01,-0.00,
9.41,-1.20,0.13,-0.00,-0.01,-0.00,
9.97,-1.00,0.14,-0.00,-0.01,0.00,
9.83,-1.15,0.13,-0.00,-0.01,-0.00,
9.59,-1.16,-0.15,-0.00,-0.01,-0.00,
9.92,-1.04,0.08,-0.00,-0.01,-0.00,
9.89,-1.15,0.06,0.00,-0.02,-0.00,
10.01,-1.09,0.16,0.00,-0.02,-0.00,
9.76,-1.38,0.09,0.00,-0.02,-0.00,
9.92,-1.15,0.06,0.00,-0.02,-0.01,
9.80,-1.33,0.27,0.01,-0.02,-0.01,
9.91,-1.17,0.18,0.00,-0.01,-0.01,
9.92,-1.27,0.08,0.01,-0.01,-0.01,
9.97,-1.04,0.03,0.01,-0.02,-0.01,
10.06,-1.18,0.09,0.01,-0.01,-0.01,
9.70,-1.06,-0.07,0.01,-0.02,-0.01,
9.97,-1.12,0.00,0.01,-0.02,-0.01,
9.60,-1.07,0.01,0.01,-0.01,-0.01,
10.14,-1.09,-0.07,0.01,-0.01,-0.01,
9.86,-1.08,-0.06,0.01,-0.01,-0.01,
9.81,-1.07,-0.25,0.01,-0.01,-0.01,
9.80,-0.98,-0.11,0.01,-0.01,-0.01,
9.91,-0.98,-0.09,0.01,-0.01,-0.00,
9.84,-1.00,0.02,0.01,0.00,-0.00,
9.71,-0.98,-0.07,0.01,-0.00,-0.00,
9.88,-1.03,-0.21,0.01,-0.01,-0.00,
10.00,-0.92,-0.11,0.01,-0.01,-0.00,
9.69,-1.02,-0.16,0.01,0.00,-0.00,
9.80,-0.88,-0.11,0.01,-0.00,-0.00,
9.75,-0.92,-0.12,0.01,0.00,0.00,
9.67,-0.99,-0.06,0.01,0.01,-0.00,
9.77,-0.87,-0.02,0.01,0.00,0.00,
9.77,-0.83,0.02,0.01,0.01,-0.00,
9.73,-0.97,-0.00,0.01,0.01,0.00,
9.80,-0.83,-0.11,0.01,0.01,-0.00,
9.82,-0.82,-0.01,0.01,0.01,-0.00,
9.75,-0.98,-0.10,0.01,0.01,-0.00,
9.77,-0.85,-0.12,0.01,0.01,-0.00,
9.79,-0.94,-0.20,0.01,0.00,-0.00,
9.85,-0.90,-0.17,0.01,0.01,-0.00,
9.69,-0.83,-0.18,0.00,0.02,-0.00,
9.75,-0.95,-0.13,0.00,0.01,-0.00,
9.79,-0.85,-0.10,0.00,0.01,-0.00,
9.83,-0.90,-0.02,0.00,0.01,-0.00,
9.58,-0.84,-0.09,-0.00,0.01,-0.00,
9.80,-0.78,0.02,-0.00,0.00,0.00,
9.90,-0.93,0.01,0.00,0.00,0.00,
9.94,-0.78,0.05,0.00,0.01,0.00,
9.88,-0.88,-0.02,-0.00,0.00,0.00,
9.85,-0.79,0.05,-0.00,0.00,0.00,
9.78,-0.80,0.12,-0.00,0.01,0.00,
9.94,-0.92,0.05,-0.00,0.01,0.00,
9.80,-0.82,-0.05,-0.00,0.01,0.00,
9.71,-0.75,0.05,-0.00,0.00,-0.00,
9.72,-0.89,0.16,-0.00,0.01,0.00,
9.78,-0.80,0.07,-0.00,0.01,0.00,
9.73,-0.89,0.07,-0.00,0.00,0.00,
9.80,-0.73,0.15,-0.00,0.00,0.00,
9.82,-0.87,0.10,-0.00,0.00,-0.00,
9.96,-0.81,0.10,-0.00,0.00,-0.00,
9.84,-0.80,-0.01,-0.00,0.01,-0.00,
9.79,-0.85,0.03,-0.00,-0.00,0.00,
9.90,-0.74,0.13,-0.00,0.00,0.00,
9.74,-0.83,0.06,-0.00,-0.00,-0.00,
9.85,-0.83,0.11,-0.00,0.00,-0.00,
9.89,-0.76,0.04,-0.00,0.00,-0.00,
9.80,-0.82,0.07,-0.00,0.00,-0.00,
9.83,-0.81,0.06,-0.00,-0.00,0.00,
9.80,-0.81,0.07,-0.00,-0.00,-0.00,
9.71,-0.83,0.14,-0.00,-0.00,-0.00,
9.80,-0.78,0.12,-0.00,-0.00,-0.00,
9.83,-0.84,0.06,-0.00,-0.00,0.00,
9.87,-0.84,0.12,-0.01,-0.00,0.00,
9.86,-0.82,0.12,-0.00,-0.00,0.00,
9.72,-0.88,0.13,-0.00,0.00,-0.00,
9.83,-0.83,0.10,-0.00,-0.00,0.00,
9.93,-0.85,0.08,-0.00,-0.00,-0.00,
9.89,-0.85,0.03,-0.00,-0.00,0.00,
9.77,-0.80,0.07,-0.00,-0.00,-0.00,
9.73,-0.79,0.13,-0.00,0.00,0.00,
9.79,-0.83,0.09,-0.00,0.00,0.00,
9.83,-0.81,0.13,-0.00,-0.00,-0.00,
9.79,-0.81,0.14,-0.00,-0.00,-0.00,
9.73,-0.79,0.10,-0.00,-0.00,-0.00,
9.84,-0.78,0.11,-0.00,-0.00,-0.00,
9.87,-0.80,0.07,-0.00,-0.01,0.00,
9.88,-0.78,0.08,-0.00,-0.00,0.00,
9.79,-0.79,0.05,-0.00,-0.00,0.00,
9.74,-0.64,0.06,-0.00,0.00,-0.00,
9.76,-0.64,0.10,-0.00,0.00,0.00,
9.91,-0.55,0.03,-0.00,-0.00,-0.00,
9.83,-0.41,0.13,-0.00,-0.00,-0.00,
9.73,-0.53,0.08,-0.00,-0.00,0.00,
9.78,-0.34,0.09,-0.00,-0.00,0.00,
9.59,-0.57,0.00,-0.00,0.00,0.00,
9.90,-0.51,0.13,-0.00,-0.00,0.00,
9.91,-0.41,0.05,-0.00,0.00,0.00,
9.87,-0.62,0.13,-0.00,-0.00,0.00,
9.83,-0.44,0.12,-0.00,0.00,-0.00,
9.75,-0.59,0.09,-0.00,-0.00,-0.00,
9.80,-0.52,0.13,-0.00,-0.00,0.00,
9.74,-0.60,0.10,-0.00,-0.00,-0.00,
9.76,-0.66,0.07,-0.00,-0.01,0.00,
9.84,-0.71,0.11,-0.00,-0.00,0.00,
9.79,-0.71,0.13,-0.00,-0.00,-0.00,
9.82,-0.72,0.11,-0.00,-0.00,0.00,
9.85,-0.77,0.10,-0.00,-0.00,-0.00,
9.87,-0.78,0.15,-0.00,-0.00,-0.00,
9.77,-0.82,0.11,-0.00,-0.00,-0.00,
9.77,-0.84,0.16,-0.00,-0.00,0.00,
9.82,-0.86,0.10,-0.00,-0.00,0.00,
9.83,-0.90,0.10,-0.00,-0.00,-0.00,
9.80,-0.93,0.15,-0.00,-0.01,0.00,
9.64,-0.97,0.11,-0.00,0.00,-0.00,
9.82,-0.98,0.13,-0.00,-0.00,-0.00,
9.82,-0.95,0.12,-0.00,-0.00,-0.00,
9.81,-0.35,0.06,-0.00,-0.00,-0.00,
9.78,0.72,0.01,-0.00,-0.00,-0.00,
9.70,0.04,0.06,-0.00,-0.00,0.00,
9.84,-0.34,0.10,-0.00,-0.00,0.00,
9.86,0.33,0.07,-0.00,-0.00,-0.00,
9.78,0.16,0.13,-0.00,-0.00,-0.00,
9.76,-0.18,0.09,-0.00,-0.00,0.00,
9.86,0.12,0.08,-0.00,-0.00,0.00,
9.76,0.16,0.09,-0.00,-0.00,-0.00,
9.79,-0.05,0.07,-0.00,-0.00,0.00,
9.83,0.07,0.10,-0.00,-0.00,-0.00,
9.77,0.12,0.07,-0.00,-0.00,0.00,
9.83,0.01,0.09,-0.00,0.00,0.00,
9.81,0.05,0.07,-0.00,-0.00,0.00,
9.83,0.09,0.07,-0.00,-0.00,-0.00,
9.82,0.03,0.06,-0.00,-0.00,-0.00,
9.77,0.07,0.09,-0.00,-0.00,0.00,
9.82,0.06,0.07,-0.00,-0.00,0.00,
9.73,0.07,0.06,-0.00,-0.00,0.00,
9.82,0.07,0.04,-0.00,-0.00,0.00,
9.77,0.06,0.12,-0.00,-0.00,0.00,
9.84,0.04,0.05,-0.00,-0.01,-0.00,
9.79,0.05,0.05,-0.00,0.00,-0.00,
9.85,0.06,0.08,-0.00,-0.00,-0.00,
9.84,0.04,0.10,-0.00,-0.00,0.00,
9.79,0.07,0.05,-0.00,-0.00,0.00,
9.79,0.05,0.06,-0.00,-0.00,-0.00,
9.80,0.06,0.10,-0.00,-0.00,-0.00,
9.77,0.04,0.10,-0.00,-0.00,0.00,
9.79,0.06,0.06,-0.00,-0.00,-0.00,
9.80,0.04,0.07,-0.00,-0.00,-0.00,
9.80,0.05,0.03,-0.00,-0.00,-0.00,
9.80,0.06,0.07,-0.00,-0.00,0.00,
9.80,0.06,0.10,-0.00,-0.00,-0.00,
9.83,0.06,0.08,-0.00,-0.00,0.00,
9.80,0.07,0.08,-0.00,-0.00,-0.00,
9.81,0.05,0.08,-0.00,-0.00,-0.00,
9.82,0.05,0.08,-0.00,-0.00,-0.00,
9.80,0.06,0.11,-0.00,-0.00,-0.00,
9.81,0.06,0.09,-0.00,-0.00,0.00,
9.81,0.05,0.08,-0.00,-0.00,-0.00,
9.79,0.05,0.08,-0.00,-0.00,0.00,
9.79,0.07,0.06,-0.00,-0.00,-0.00,
9.80,0.05,0.07,-0.00,-0.00,0.00,
9.79,0.04,0.10,-0.00,-0.00,0.00,
9.79,0.07,0.08,-0.00,-0.00,0.00,
9.80,0.05,0.07,-0.00,-0.00,-0.00,
9.81,0.05,0.05,-0.00,-0.00,0.00,
9.80,0.06,0.05,-0.00,-0.00,0.00,
9.79,0.05,0.07,-0.00,-0.00,-0.00,
9.81,0.05,0.08,-0.00,-0.00,0.00,
9.78,0.04,0.09,-0.00,-0.00,-0.00,
9.80,0.05,0.08,-0.00,-0.00,0.00,
9.80,0.06,0.11,-0.00,-0.00,-0.00,
9.81,0.05,0.06,-0.00,-0.00,0.00,
9.80,0.07,0.09,-0.00,-0.00,-0.00,
9.79,0.05,0.09,-0.00,-0.00,-0.00,
9.82,0.06,0.03,-0.00,-0.00,0.00,
9.80,0.06,0.08,-0.00,-0.00,-0.00,
9.81,0.05,0.06,-0.00,-0.00,0.00,
9.81,0.06,0.04,-0.00,-0.00,-0.00,
9.81,0.05,0.07,-0.00,-0.00,-0.00,
9.80,0.06,0.09,-0.00,-0.00,0.00,
9.79,0.05,0.05,-0.00,-0.00,-0.00,
9.80,0.06,0.09,-0.00,-0.00,-0.00,
9.81,0.05,0.08,-0.00,-0.00,-0.00,
9.79,0.05,0.07,-0.00,-0.00,-0.00,
9.77,0.04,0.10,-0.00,-0.00,0.00,
9.80,0.06,0.06,-0.00,-0.00,0.00,
9.80,0.07,0.09,-0.00,-0.00,-0.00,
9.79,0.06,0.08,-0.00,-0.00,-0.00,
9.80,0.05,0.07,-0.00,-0.00,-0.00,
9.79,0.06,0.09,-0.00,-0.00,0.00,
9.77,0.04,0.11,-0.00,-0.00,-0.00,
9.79,0.06,0.07,-0.00,-0.00,0.00,
9.79,0.05,0.05,-0.00,-0.00,0.00,
9.80,0.05,0.06,-0.00,-0.00,-0.00,
9.80,0.06,0.10,-0.00,-0.00,-0.00,
9.82,0.05,0.10,-0.00,-0.00,0.00,
9.79,0.07,0.08,-0.00,-0.00,0.00,
9.81,0.06,0.07,-0.00,-0.00,0.00,
9.77,0.05,0.05,-0.00,-0.00,0.00,
9.80,0.07,0.07,-0.00,-0.00,0.00,
9.79,0.05,0.07,-0.00,-0.00,0.00,
9.80,0.05,0.10,-0.00,-0.00,0.00,
9.80,0.07,0.06,-0.00,-0.00,-0.00,
9.79,0.07,0.06,-0.00,-0.00,-0.00,
9.80,0.05,0.05,-0.00,-0.00,-0.00,
9.79,0.07,0.09,-0.00,-0.00,0.00,
9.80,0.06,0.08,-0.00,-0.00,0.00,
9.80,0.04,0.07,-0.00,-0.00,-0.00,
9.79,0.06,0.07,-0.00,-0.00,-0.00,
9.82,0.06,0.08,-0.00,-0.00,-0.00,
9.80,0.06,0.07,-0.00,-0.00,0.00,
9.79,0.05,0.09,-0.00,-0.00,0.00,
9.81,0.08,0.09,-0.00,-0.00,0.00,
9.80,0.05,0.06,-0.00,-0.00,-0.00,
9.80,0.04,0.08,-0.00,-0.00,0.00,
9.80,0.06,0.09,-0.00,-0.00,0.00,
9.81,0.07,0.07,-0.00,-0.00,0.00,
9.79,0.05,0.08,-0.00,-0.00,-0.00,
9.81,0.05,0.06,-0.00,-0.00,-0.00,
9.78,0.06,0.06,-0.00,-0.00,-0.00,
9.78,0.05,0.05,-0.00,-0.00,-0.00,
9.79,0.06,0.04,-0.00,-0.00,0.00,
9.80,0.06,0.08,-0.00,-0.00,0.00,
9.79,0.05,0.10,-0.00,-0.00,-0.00,
9.83,0.05,0.07,-0.00,-0.00,0.00,
9.81,0.05,0.07,-0.00,-0.00,-0.00,
9.80,0.05,0.08,-0.00,-0.00,-0.00,
9.79,0.07,0.05,-0.00,-0.00,0.00,
9.82,0.07,0.08,-0.00,-0.00,-0.00,
9.78,0.03,0.06,-0.00,-0.00,0.00,
9.81,0.06,0.06,-0.00,-0.00,-0.00,
9.80,0.05,0.08,-0.00,-0.00,0.00,
9.79,0.07,0.08,-0.00,-0.00,0.00,
9.81,0.06,0.08,-0.00,-0.00,-0.00,
9.82,0.04,0.08,-0.00,-0.00,-0.00,
9.78,0.05,0.06,-0.00,-0.00,-0.00,
9.79,0.04,0.07,-0.00,-0.00,0.00,
9.78,0.06,0.02,-0.00,-0.00,0.00,
9.81,0.05,0.07,-0.00,-0.00,0.00,
9.77,0.08,0.09,-0.00,-0.00,-0.00,
9.80,0.07,0.10,-0.00,-0.00,-0.00,
9.76,0.08,0.07,-0.00,-0.00,0.00,
9.95,0.07,0.15,-0.00,0.00,-0.00,
9.77,0.05,0.08,-0.00,-0.00,-0.00,
9.78,0.06,0.09,-0.00,-0.00,-0.00,
9.82,0.06,0.07,-0.00,-0.00,-0.00,
9.78,0.04,0.05,-0.00,-0.00,-0.00,
9.80,0.07,0.08,-0.00,-0.00,0.00,
9.79,0.04,0.08,-0.00,-0.00,0.00,
9.83,0.05,0.06,-0.00,-0.00,-0.00,
9.80,0.07,0.07,-0.00,-0.00,0.00,
9.80,0.07,0.07,-0.00,-0.00,-0.00,
9.80,0.06,0.07,-0.00,-0.00,0.00,
9.76,0.05,0.10,-0.00,-0.00,-0.00,
9.82,0.05,0.05,-0.00,-0.00,0.00,
9.80,0.07,0.07,-0.00,-0.00,-0.00,
9.78,0.05,0.07,-0.00,-0.00,-0.00,
9.79,0.06,0.06,-0.00,-0.00,0.00,
9.80,0.05,0.07,-0.00,-0.00,0.00,
9.83,0.08,0.06,-0.00,-0.00,-0.00,
9.82,0.05,0.07,-0.00,-0.00,-0.00,
9.80,0.05,0.08,-0.00,-0.00,-0.00,
9.80,0.07,0.09,-0.00,-0.00,-0.00,
9.80,0.06,0.07,-0.00,-0.00,-0.00,
9.80,0.12,0.05,-0.00,-0.00,0.00,
9.81,0.15,0.04,-0.00,-0.00,-0.00,
9.88,0.16,0.08,-0.00,-0.00,-0.00,
9.72,0.05,0.07,-0.00,-0.00,-0.00,
9.72,0.14,0.05,-0.00,-0.00,0.00,
9.93,0.33,0.08,-0.00,-0.00,-0.00,
9.88,0.63,0.02,-0.00,-0.00,-0.00,
9.84,0.79,0.03,-0.00,-0.00,-0.00,
9.85,0.92,0.07,-0.00,-0.00,-0.00,
9.76,1.05,0.00,-0.00,-0.00,-0.00,
9.84,1.04,0.04,-0.00,-0.00,-0.00,
9.80,1.06,0.02,-0.00,-0.00,-0.00,
9.77,1.15,0.06,-0.00,-0.00,0.00,
9.75,1.21,0.03,-0.00,-0.00,-0.00,
9.74,1.17,0.03,-0.00,-0.00,0.00,
9.79,1.17,0.02,-0.00,-0.00,0.00,
9.80,1.18,0.02,-0.00,-0.00,0.00,
9.65,1.20,0.03,-0.00,-0.00,-0.00,
9.86,1.23,0.05,-0.00,-0.00,-0.00,
9.77,1.25,-0.01,-0.00,-0.00,-0.00,
9.70,1.27,0.06,-0.00,-0.00,-0.00,
9.71,1.26,0.07,-0.00,-0.00,0.00,
9.73,1.31,0.04,-0.00,-0.00,0.00,
9.79,1.25,0.03,-0.00,-0.00,-0.00,
9.87,1.26,0.04,-0.00,-0.00,0.00,
9.72,1.31,-0.01,-0.00,-0.00,0.00,
9.73,1.28,0.04,-0.00,-0.00,0.00,
9.68,1.26,-0.02,-0.00,-0.00,-0.00,
9.80,1.24,-0.01,-0.00,-0.00,-0.00,
9.75,1.28,0.10,-0.00,0.00,0.00,
9.72,1.28,-0.01,-0.00,-0.00,-0.00,
9.79,1.26,0.07,-0.00,-0.00,-0.00,
9.71,1.27,0.00,-0.00,-0.01,-0.00,
10.00,1.32,0.02,-0.00,-0.00,0.00,
9.69,1.22,-0.05,-0.00,-0.00,0.00,
9.70,1.27,0.02,-0.00,-0.00,0.00,
9.87,1.28,0.01,-0.00,-0.00,0.00,
9.73,1.26,0.09,-0.00,-0.00,-0.00,
9.69,1.26,0.03,-0.00,-0.00,-0.00,
9.63,1.30,-0.01,-0.00,-0.00,0.00,
9.80,1.17,-0.00,-0.00,-0.00,0.00,
9.86,1.29,-0.08,-0.00,-0.00,-0.00,
9.77,1.25,0.02,-0.00,-0.00,-0.00,
9.84,1.25,0.03,-0.00,-0.00,0.00,
9.66,1.25,0.06,-0.00,-0.00,0.00,
9.83,1.25,-0.01,-0.00,-0.00,-0.00,
9.84,1.31,0.02,-0.00,-0.01,-0.00,
9.57,1.21,-0.03,-0.00,-0.00,0.00,
9.64,1.24,0.08,-0.00,-0.01,0.00,
9.97,1.26,0.06,-0.00,-0.00,0.00,
9.77,1.26,0.08,-0.00,-0.00,-0.00,
9.82,1.20,0.02,-0.00,0.00,-0.00,
9.79,1.31,0.09,-0.00,0.00,0.00,
9.78,1.24,-0.04,-0.00,0.00,-0.00,
9.82,1.22,0.02,-0.00,-0.00,-0.00,
9.56,1.23,0.00,-0.00,-0.01,-0.00,
9.74,1.29,0.12,-0.00,-0.01,0.00,
9.73,1.25,0.04,-0.00,-0.00,0.00,
9.94,1.21,0.08,-0.00,-0.00,-0.00,
9.66,1.29,-0.01,-0.00,-0.01,-0.00,
9.79,1.23,0.08,-0.00,-0.00,0.00,
9.83,1.19,0.09,-0.00,-0.01,0.00,
9.77,1.20,-0.10,-0.00,0.00,0.00,
9.81,1.31,0.06,-0.00,-0.01,0.00,
9.73,1.16,0.03,-0.00,-0.01,0.00,
9.58,1.27,-0.00,-0.00,-0.00,-0.00,
9.73,1.28,0.06,-0.00,-0.00,0.00,
9.89,1.18,0.15,-0.00,-0.00,-0.00,
9.72,1.24,0.11,-0.00,0.00,-0.00,
9.78,1.26,0.17,-0.00,0.00,-0.00,
9.54,1.25,0.05,-0.00,0.01,0.00,
9.63,1.13,-0.03,-0.00,0.00,0.00,
9.94,1.15,0.18,-0.00,0.00,-0.00,
9.83,1.24,0.20,-0.00,-0.00,-0.00,
9.68,1.32,-0.03,-0.00,-0.01,-0.00,
9.59,1.26,0.06,-0.00,-0.00,0.00,
9.81,1.18,-0.03,-0.00,-0.01,0.00,
9.98,1.24,-0.03,-0.00,-0.01,-0.00,
9.46,1.22,0.04,-0.00,-0.00,-0.00,
9.91,1.10,-0.07,-0.00,-0.01,-0.00,
9.72,1.18,-0.07,-0.00,-0.00,-0.00,
9.72,1.12,-0.04,-0.00,-0.01,0.00,
9.81,1.12,0.15,-0.01,0.01,-0.00,
9.83,1.07,0.19,-0.00,0.01,-0.00,
9.70,1.09,0.06,-0.00,0.00,-0.00,
9.63,1.06,-0.18,-0.00,-0.00,0.00,
9.77,1.09,-0.03,-0.00,-0.01,-0.00,
9.88,1.10,0.12,-0.00,-0.01,0.00,
9.47,0.99,0.06,-0.00,-0.00,0.00,
9.65,0.92,-0.04,-0.00,-0.00,-0.00,
9.79,0.89,0.12,-0.00,-0.00,0.00,
9.80,0.83,0.18,-0.00,0.00,-0.00,
9.93,0.78,0.13,-0.00,0.01,0.00,
9.77,0.75,-0.10,-0.00,-0.01,-0.00,
9.55,0.68,0.14,-0.00,-0.01,0.00,
9.73,0.62,-0.10,-0.00,-0.01,-0.00,
9.77,0.65,-0.09,-0.00,-0.01,-0.00,
9.91,0.45,-0.19,-0.00,-0.01,0.00,
9.43,0.71,0.12,-0.00,-0.00,0.00,
9.75,0.48,0.06,-0.00,0.01,0.00,
9.84,0.70,0.10,-0.00,-0.00,0.00,
9.70,0.55,0.16,-0.00,-0.00,0.00,
9.57,0.55,0.41,-0.00,-0.00,0.00,
9.47,0.52,0.14,-0.00,-0.00,-0.00,
9.71,0.50,0.09,-0.00,-0.02,0.00,
9.65,0.47,0.13,-0.00,-0.01,0.00,
9.64,0.49,0.16,-0.00,-0.00,0.00,
9.59,0.37,-0.02,-0.00,-0.00,0.00,
9.46,0.53,0.08,-0.01,0.00,-0.00,
9.57,0.33,-0.02,-0.01,0.00,-0.00,
9.66,0.51,0.22,-0.01,0.00,0.00,
9.55,0.32,0.19,-0.00,0.00,-0.00,
9.48,0.51,0.20,-0.00,0.00,0.00,
9.65,0.29,0.09,-0.01,-0.00,-0.00,
9.71,0.54,0.07,-0.00,-0.01,-0.00,
9.59,0.26,0.10,-0.00,-0.01,-0.00,
9.58,0.43,0.08,-0.00,-0.01,-0.00,
9.48,0.27,-0.05,-0.00,-0.01,-0.00,
9.70,0.38,0.11,-0.00,-0.01,-0.00,
9.63,0.28,0.05,-0.00,-0.01,0.00,
9.78,0.30,0.19,-0.00,-0.00,-0.01,
9.98,0.33,0.03,-0.00,-0.01,0.00,
9.86,0.29,0.13,-0.00,0.00,0.00,
9.82,0.23,0.07,-0.00,0.00,-0.01,
9.77,0.40,-0.01,-0.00,0.00,-0.00,
10.06,0.15,-0.09,-0.00,-0.01,0.00,
9.95,0.39,0.13,-0.00,-0.00,-0.00,
9.88,0.25,-0.07,-0.00,-0.01,-0.00,
10.27,0.23,0.23,-0.00,-0.02,-0.01,
10.06,0.32,0.10,-0.00,-0.00,-0.01,
9.99,0.22,0.23,-0.00,-0.01,-0.01,
10.29,0.38,0.03,0.00,-0.00,-0.01,
9.90,0.23,0.22,0.00,-0.01,-0.01,
9.76,0.44,-0.09,0.00,-0.01,-0.01,
9.70,0.25,0.11,0.00,-0.02,-0.01,
9.76,0.40,0.09,0.01,-0.01,-0.01,
10.08,0.21,-0.06,0.01,-0.01,-0.01,
9.75,0.42,0.05,0.01,-0.01,-0.01,
9.89,0.33,0.05,0.01,-0.01,-0.01,
10.14,0.35,0.27,0.01,-0.00,-0.01,
10.07,0.39,-0.12,0.01,-0.01,-0.01,
10.03,0.35,0.50,0.01,-0.01,-0.01,
9.95,0.38,-0.05,0.01,0.00,-0.01,
9.79,0.47,0.32,0.01,0.00,-0.01,
9.77,0.37,0.04,0.01,0.00,-0.00,
10.05,0.46,0.23,0.01,-0.00,0.00,
9.73,0.38,0.24,0.01,0.00,0.00,
9.76,0.34,0.17,0.01,-0.00,0.01,
9.40,0.46,0.18,0.01,0.01,0.01,
9.43,0.22,-0.08,0.01,0.00,0.01,
9.58,0.37,0.24,0.01,0.01,0.01,
9.38,0.19,0.10,0.00,0.00,0.01,
9.49,0.34,0.10,0.00,0.01,0.01,
9.65,0.21,0.13,0.00,0.01,0.01,
9.97,0.26,0.09,0.00,0.01,0.01,
10.01,0.20,-0.17,0.00,0.00,0.00,
9.53,0.17,-0.22,-0.00,-0.01,0.01,
9.35,0.36,0.15,-0.00,-0.01,0.01,
9.46,0.02,0.34,-0.01,-0.00,0.01,
9.83,0.47,0.11,-0.01,0.01,-0.00,
9.67,-0.06,0.25,-0.01,0.01,-0.00,
9.68,0.44,0.00,-0.01,0.00,0.00,
9.84,-0.04,-0.00,-0.01,-0.01,0.00,
9.34,0.24,-0.13,-0.01,-0.00,0.00,
10.26,0.20,0.02,-0.01,-0.02,-0.01,
9.80,0.65,0.46,0.24,-0.00,-0.02,
9.98,0.30,0.36,-0.01,-0.01,0.00,
9.66,-0.09,-0.13,-0.00,-0.00,-0.00,
9.43,0.38,0.01,-0.01,-0.00,-0.00,
9.37,-0.03,-0.03,-0.01,-0.01,-0.00,
9.74,0.32,0.17,-0.00,-0.01,0.00,
9.77,0.05,-0.05,0.00,-0.00,-0.00,
9.53,0.14,-0.00,0.00,-0.01,-0.00,
9.80,0.27,-0.04,-0.00,-0.00,-0.00,
10.19,0.05,-0.01,-0.00,0.00,0.00,
10.19,0.30,0.10,-0.00,-0.00,0.00,
9.96,-0.03,0.20,-0.00,-0.01,-0.00,
9.75,0.34,0.15,0.00,0.00,-0.00,
9.45,0.00,0.18,-0.00,-0.01,0.00,
9.90,0.13,0.23,-0.00,0.01,-0.00,
9.72,0.09,-0.09,-0.00,-0.00,-0.00,
9.67,0.14,-0.02,-0.00,-0.00,-0.00,
9.66,0.09,-0.29,-0.01,-0.02,-0.00,
9.96,0.19,0.17,-0.01,-0.00,-0.00,
10.14,0.08,0.16,-0.00,0.02,-0.00,
10.09,0.13,-0.33,0.00,0.00,-0.00,
9.67,0.16,-0.41,-0.00,-0.01,0.00,
9.46,0.05,0.05,-0.00,-0.01,0.00,
9.63,0.15,0.04,-0.01,-0.01,0.00,
9.63,0.10,0.26,-0.00,-0.01,0.00,
9.52,0.12,0.38,-0.00,-0.01,0.00,
9.68,-0.11,0.19,-0.00,-0.01,-0.00,
10.02,0.19,0.70,-0.00,0.01,-0.01,
10.63,-0.04,0.48,-0.01,0.02,-0.00,
9.88,-0.13,0.13,-0.00,0.01,-0.00,
10.23,0.06,-0.12,-0.00,0.01,-0.00,
10.03,-0.13,-0.30,0.00,-0.01,-0.01,
10.07,0.09,-0.07,-0.00,-0.01,-0.00,
9.69,-0.04,-0.03,-0.00,-0.02,-0.00,
9.68,-0.11,-0.20,-0.01,-0.02,0.00,
10.10,-0.14,-0.05,-0.01,-0.02,0.00,
10.04,0.10,0.47,-0.00,-0.02,-0.00,
9.97,-0.14,0.18,-0.00,-0.01,0.00,
9.69,-0.13,-0.11,-0.01,-0.01,0.01,
9.83,-0.04,0.04,-0.01,0.00,-0.00,
10.16,-0.07,0.06,-0.01,0.01,-0.01,
9.94,0.01,0.08,-0.01,-0.00,0.00,
9.81,0.03,-0.06,-0.00,0.01,-0.00,
9.36,-0.09,-0.04,-0.00,-0.01,0.00,
9.81,-0.01,-0.14,-0.00,-0.01,0.00,
9.78,-0.02,-0.06,-0.01,-0.01,0.00,
10.21,-0.19,0.04,-0.00,-0.01,-0.00,
9.71,-0.04,-0.01,0.00,0.02,-0.00,
9.70,-0.04,0.02,0.00,0.01,0.01,
9.84,-0.10,-0.27,-0.00,0.01,0.00,
9.30,-0.07,0.11,-0.00,0.00,-0.00,
9.56,-0.07,0.13,-0.00,0.00,0.00,
10.53,0.05,0.20,-0.00,-0.01,0.00,
10.18,-0.05,0.30,-0.00,0.00,-0.00,
9.54,0.08,0.11,-0.01,-0.00,0.00,
9.69,-0.23,0.11,-0.01,-0.02,-0.00,
9.82,0.09,0.40,-0.00,-0.00,0.00,
9.88,-0.18,0.16,-0.00,-0.01,-0.00,
9.85,0.10,0.19,-0.00,0.00,-0.00,
10.00,-0.22,-0.11,-0.00,-0.00,0.00,
9.85,-0.02,0.06,-0.01,0.00,0.00,
9.31,-0.13,-0.27,-0.01,-0.00,0.00,
9.50,-0.16,-0.07,-0.00,0.01,0.00,
9.58,-0.05,-0.05,-0.00,0.01,0.00,
9.89,-0.13,-0.10,-0.00,0.01,-0.00,
9.87,-0.05,0.00,-0.01,0.00,0.00,
9.72,-0.16,0.05,-0.01,0.00,0.00,
9.93,0.08,0.13,-0.00,0.00,0.00,
9.23,-0.23,0.31,-0.00,-0.00,0.00,
9.31,-0.08,0.26,-0.00,0.00,0.00,
9.82,-0.13,0.24,-0.00,0.00,-0.00,
9.94,-0.10,-0.01,-0.00,-0.02,-0.00,
9.98,-0.07,-0.01,-0.00,-0.02,0.00,
9.80,-0.03,0.13,-0.00,-0.00,-0.00,
10.03,-0.14,-0.13,-0.00,0.00,-0.00,
9.65,-0.17,-0.02,-0.00,0.00,-0.00,
9.37,-0.11,0.01,-0.00,0.01,-0.00,
10.25,-0.09,-0.18,-0.01,-0.00,-0.00,
9.93,-0.17,-0.53,-0.01,-0.03,-0.00,
10.10,-0.07,0.03,-0.00,-0.03,-0.00,
9.63,-0.12,0.38,-0.00,-0.02,-0.00,
9.95,-0.10,0.24,-0.00,-0.00,0.00,
9.87,-0.15,-0.13,0.00,-0.00,-0.00,
9.40,-0.10,-0.17,-0.00,-0.02,-0.00,
9.93,-0.26,-0.24,-0.01,-0.03,0.00,
9.91,-0.01,-0.48,-0.01,-0.02,0.00,
9.80,-0.08,0.18,-0.00,-0.02,-0.00,
10.02,-0.12,0.11,-0.00,0.01,-0.00,
10.08,-0.09,0.10,-0.00,0.02,-0.01,
9.63,-0.20,-0.36,-0.01,0.01,-0.00,
9.82,-0.16,-0.07,-0.01,-0.01,0.00,
9.44,-0.20,0.17,-0.00,-0.01,0.00,
9.88,-0.11,0.17,0.00,-0.02,0.00,
9.85,-0.10,0.34,0.01,-0.01,0.00,
10.24,-0.18,0.01,0.00,-0.02,-0.00,
9.92,-0.13,-0.39,-0.00,-0.01,-0.00,
9.92,-0.03,-0.13,-0.01,-0.02,-0.00,
9.64,-0.41,-0.02,-0.01,-0.01,-0.00,
9.89,0.06,0.17,-0.01,0.00,0.00,
9.94,-0.29,0.25,-0.01,0.01,-0.00,
10.13,-0.11,0.11,-0.00,0.02,-0.00,
9.77,-0.11,0.06,-0.01,0.01,-0.00,
9.99,-0.08,0.12,-0.01,-0.00,-0.00,
9.68,-0.21,0.34,-0.01,-0.01,0.00,
9.85,-0.15,0.24,-0.00,-0.01,0.00,
9.76,-0.22,0.16,0.00,-0.01,-0.00,
9.87,-0.07,-0.14,0.00,-0.00,-0.00,
9.77,-0.30,-0.01,-0.00,-0.00,0.00,
9.88,-0.06,-0.27,-0.01,-0.00,0.00,
9.55,-0.30,0.05,-0.01,0.00,-0.00,
9.61,-0.14,0.13,-0.00,0.00,0.00,
10.10,-0.11,0.01,-0.00,0.00,0.01,
10.08,-0.21,-0.05,-0.00,-0.00,0.00,
9.44,-0.03,0.23,-0.01,-0.00,-0.00,
9.20,-0.23,0.18,-0.01,-0.01,0.00,
9.82,-0.13,0.15,-0.01,-0.00,0.00,
9.82,-0.08,0.13,-0.00,-0.01,0.00,
10.02,-0.15,-0.05,-0.00,-0.01,0.00,
9.73,-0.20,0.16,-0.00,-0.01,-0.00,
9.79,-0.12,0.22,-0.00,-0.01,-0.00,
9.67,-0.07,0.06,-0.00,0.00,0.00,
10.01,-0.21,0.10,-0.00,-0.00,-0.00,
9.82,-0.03,0.34,-0.00,0.01,-0.00,
9.86,-0.15,-0.05,-0.00,0.01,-0.00,
9.91,-0.31,0.33,-0.01,0.01,-0.00,
9.64,-0.14,0.27,-0.00,0.01,-0.00,
9.86,-0.21,-0.03,-0.00,-0.01,-0.00,
10.16,-0.18,0.20,-0.00,-0.01,-0.01,
9.76,-0.13,0.16,-0.00,-0.00,-0.01,
9.38,-0.30,-0.12,-0.00,-0.01,-0.01,
9.59,-0.11,0.29,-0.01,-0.01,-0.01,
10.04,-0.17,0.04,-0.00,-0.02,-0.01,
10.37,-0.06,0.13,-0.00,-0.01,-0.01,
9.31,-0.28,0.16,-0.00,0.00,-0.01,
9.80,0.02,-0.12,-0.00,0.01,-0.01,
9.93,-0.13,0.29,-0.00,0.01,-0.01,
10.09,0.05,-0.01,-0.00,0.01,-0.01,
9.85,-0.11,-0.04,-0.00,-0.01,-0.01,
9.36,-0.05,-0.03,-0.01,-0.01,-0.01,
9.95,-0.01,0.18,-0.01,-0.02,-0.00,
10.31,0.01,-0.00,-0.00,-0.01,-0.00,
9.71,0.06,0.08,-0.00,-0.02,-0.00,
9.61,-0.09,0.03,-0.00,0.01,-0.01,
9.87,0.11,0.05,-0.01,-0.00,-0.01,
10.22,-0.01,0.30,-0.01,0.00,0.00,
10.05,0.00,0.26,-0.01,0.00,0.00,
9.79,-0.13,-0.23,-0.00,-0.01,0.00,
10.06,0.01,-0.15,-0.00,-0.01,-0.00,
9.88,0.00,-0.01,-0.01,-0.00,-0.00,
10.20,-0.02,-0.14,-0.00,-0.00,0.00,
9.99,-0.09,-0.21,-0.00,-0.01,0.00,
9.61,-0.01,0.03,-0.01,-0.00,0.00,
10.13,-0.13,0.12,-0.01,0.02,-0.00,
10.10,-0.01,-0.11,-0.00,0.00,0.00,
9.93,-0.00,-0.24,0.00,-0.00,-0.00,
9.79,-0.05,0.29,-0.00,-0.00,-0.00,
9.92,0.22,0.03,-0.00,-0.01,0.00,
9.43,-0.27,-0.10,-0.01,0.01,-0.00,
9.79,0.12,-0.10,-0.00,-0.00,0.00,
9.81,-0.20,0.19,-0.00,-0.00,0.00,
9.53,0.10,0.19,-0.00,-0.01,0.00,
9.78,-0.10,-0.15,-0.00,-0.00,-0.00,
9.82,0.16,0.18,-0.00,0.00,0.00,
10.13,-0.02,0.01,-0.00,0.01,0.00,
10.05,0.04,-0.09,-0.00,-0.00,-0.00,
9.56,-0.09,-0.01,-0.00,-0.01,-0.00,
9.69,0.08,0.24,-0.00,-0.02,-0.00,
10.03,0.00,0.04,-0.00,-0.02,-0.00,
9.60,0.05,-0.14,-0.00,0.00,0.00,
9.95,-0.04,-0.07,-0.01,-0.01,-0.00,
9.90,0.13,0.21,-0.01,-0.00,-0.00,
10.08,-0.02,0.07,-0.00,0.01,-0.00,
9.82,0.15,0.07,-0.00,0.01,-0.00,
9.79,-0.08,0.07,-0.00,-0.00,-0.00,
10.15,0.10,-0.10,-0.01,-0.01,-0.00,
9.57,-0.14,-0.12,-0.00,-0.01,0.00,
10.25,0.11,0.27,-0.01,-0.01,-0.00,
9.88,-0.06,-0.14,-0.01,0.00,-0.00,
9.76,0.02,-0.07,-0.01,-0.01,-0.00,
10.05,0.02,-0.01,-0.01,0.01,0.00,
10.02,0.09,-0.17,-0.02,0.01,-0.00,
9.79,0.02,-0.27,-0.02,-0.00,0.00,
9.54,-0.01,0.12,-0.02,-0.01,0.00,
10.00,0.08,-0.05,-0.02,0.00,-0.00,
9.91,-0.08,-0.25,-0.02,0.00,0.00,
9.69,0.10,-0.22,-0.02,-0.01,0.00,
10.00,0.05,-0.08,-0.02,-0.01,-0.00,
9.43,0.07,-0.02,-0.02,-0.01,0.00,
9.66,-0.07,-0.24,-0.02,-0.01,0.00,
9.77,0.08,-0.24,-0.02,-0.01,0.00,
9.87,0.01,-0.49,-0.02,-0.01,-0.00,
10.03,0.08,0.05,-0.02,-0.01,-0.00,
9.81,0.11,-0.18,-0.02,0.01,-0.00,
9.60,-0.12,-0.22,-0.02,0.00,-0.00,
9.77,0.14,-0.28,-0.02,-0.00,0.00,
9.81,-0.13,-0.15,-0.03,-0.01,-0.00,
9.81,-0.01,-0.02,-0.03,-0.01,-0.00,
9.79,-0.08,-0.22,-0.02,-0.01,0.00,
9.54,-0.22,-0.14,-0.02,-0.01,-0.00,
9.97,-0.24,-0.28,-0.02,-0.00,0.00,
9.86,-0.39,-0.22,-0.02,-0.01,-0.00,
9.92,-0.39,-0.14,-0.02,0.00,0.00,
9.70,-0.43,-0.12,-0.02,0.00,0.00,
9.74,-0.52,-0.12,-0.02,-0.00,0.00,
9.83,-0.49,-0.17,-0.02,-0.00,0.00,
9.93,-0.55,-0.27,-0.02,-0.00,0.00,
9.60,-0.72,-0.01,-0.03,0.01,0.00,
9.77,-0.61,-0.04,-0.02,-0.00,0.01,
9.23,-0.78,-0.24,-0.02,0.01,0.00,
9.92,-0.72,-0.09,-0.02,-0.01,0.00,
9.96,-0.79,0.09,-0.02,0.01,0.00,
9.88,-0.79,-0.03,-0.02,0.01,0.01,
9.64,-0.80,0.03,-0.02,0.00,0.00,
9.88,-0.84,0.01,-0.02,0.00,0.01,
9.92,-0.75,-0.02,-0.02,0.00,0.01,
10.06,-0.93,0.08,-0.02,-0.00,0.00,
9.78,-0.87,-0.14,-0.02,0.00,0.01,
9.83,-0.87,-0.06,-0.02,-0.01,0.01,
9.74,-0.87,0.20,-0.02,0.00,0.01,
9.61,-0.93,-0.19,-0.01,-0.00,0.01,
10.17,-0.98,0.01,-0.01,-0.00,0.01,
9.86,-0.99,-0.06,-0.01,-0.01,0.00,
9.73,-1.01,0.09,-0.01,0.00,0.00,
9.76,-1.03,-0.01,-0.01,-0.00,0.01,
9.86,-0.89,0.07,-0.01,0.00,0.01,
9.91,-1.21,0.17,-0.01,-0.01,0.00,
9.80,-1.01,0.25,-0.01,-0.00,0.01,
9.96,-1.00,0.13,-0.01,0.00,0.00,
9.59,-1.17,-0.05,-0.01,-0.00,0.01,
9.79,-0.94,-0.11,-0.01,-0.01,0.00,
9.72,-1.17,0.12,-0.01,-0.01,0.00,
9.89,-1.12,0.14,-0.01,-0.00,0.00,
9.74,-1.11,0.02,-0.00,0.00,0.00,
9.73,-1.26,0.13,-0.00,0.00,0.00,
9.56,-1.06,0.09,-0.02,0.01,0.01,
9.97,-1.35,0.06,-0.00,-0.00,0.00,
9.91,-0.98,0.06,-0.00,-0.01,0.00,
9.66,-1.29,0.17,-0.01,-0.00,-0.00,
9.75,-1.00,0.26,-0.00,-0.00,0.00,
9.84,-1.13,0.07,-0.00,0.00,0.00,
9.88,-1.03,0.13,-0.00,-0.00,-0.00,
9.81,-1.10,0.01,-0.00,-0.00,0.00,
9.71,-1.02,0.14,-0.01,0.00,-0.00,
9.86,-0.99,0.02,-0.01,-0.00,0.00,
9.94,-0.92,0.19,-0.00,-0.00,0.00,
9.90,-0.82,0.13,-0.00,-0.00,-0.00,
9.66,-0.76,0.05,-0.00,-0.00,-0.00,
9.75,-0.71,0.01,-0.00,-0.00,-0.00,
9.87,-0.69,0.13,-0.00,0.00,0.00,
9.88,-0.69,0.13,-0.00,0.00,-0.00,
9.86,-0.64,0.12,-0.00,-0.00,-0.00,
9.88,-0.72,0.10,-0.00,-0.00,0.00,
9.94,-0.68,0.12,-0.00,-0.00,-0.00,
9.69,-0.77,0.05,-0.00,0.00,-0.00,
9.82,-0.69,0.09,-0.01,-0.00,-0.00,
9.78,-0.72,0.09,-0.00,-0.00,0.00,
9.86,-0.66,0.19,-0.00,-0.00,-0.00,
9.85,-0.71,0.06,-0.00,-0.00,-0.00,
9.76,-0.65,0.09,-0.00,-0.00,-0.00,
9.83,-0.65,0.09,-0.00,-0.00,0.00,
9.78,-0.67,0.12,-0.00,-0.00,0.00,
9.88,-0.71,0.08,-0.00,0.00,0.00,
9.84,-0.69,0.10,-0.00,0.00,-0.00,
9.82,-0.65,0.08,-0.00,-0.00,0.00,
9.69,-0.74,0.06,-0.00,-0.00,0.00,
9.80,-0.57,0.08,-0.00,-0.00,-0.00,
9.89,-0.57,0.09,-0.00,-0.00,-0.00,
9.78,-0.52,0.09,-0.00,-0.00,0.00,
9.88,-0.35,0.09,-0.00,0.00,-0.00,
9.75,-0.42,0.08,-0.00,0.00,0.00,
9.63,-0.43,0.02,-0.00,-0.00,-0.00,
9.80,-0.42,0.11,-0.00,0.00,0.00,
9.76,-0.45,0.09,-0.00,0.01,0.00,
9.86,-0.49,0.14,-0.00,0.00,0.00,
9.75,-0.56,0.15,-0.00,0.00,0.00,
9.73,-0.57,0.17,-0.00,-0.00,-0.00,
9.77,-0.58,0.14,-0.00,-0.01,0.00,
9.76,-0.69,0.05,-0.00,-0.01,-0.00,
9.83,-0.67,0.13,-0.00,-0.01,0.00,
9.84,-0.77,0.05,-0.00,-0.00,0.00,
9.83,-0.77,0.09,-0.00,0.00,-0.00,
9.78,-0.83,0.14,-0.00,0.00,-0.00,
9.84,-0.86,0.10,-0.00,0.00,-0.00,
9.85,-0.94,0.12,-0.00,-0.00,-0.00,
9.75,-0.95,0.15,-0.00,-0.00,0.00,
9.83,-0.98,0.18,-0.01,-0.00,-0.00,
9.83,-1.00,0.06,-0.00,-0.00,-0.00,
9.82,-1.06,0.13,-0.00,-0.01,0.00,
9.83,-1.31,0.40,-0.01,0.01,0.00,
9.82,-1.07,0.12,-0.00,-0.00,-0.00,
9.88,-1.08,0.09,-0.00,-0.00,0.00,
9.84,-1.04,0.11,-0.00,-0.00,0.00,
9.86,-0.85,0.10,-0.00,0.00,-0.00,
9.84,0.47,0.02,-0.00,-0.00,-0.00,
9.73,0.49,0.02,-0.00,-0.00,-0.00,
9.78,-0.44,0.07,-0.00,-0.00,0.00,
9.86,-0.02,0.08,-0.00,0.00,0.00,
9.82,0.36,0.08,-0.00,-0.00,-0.00,
9.68,-0.11,0.09,-0.00,-0.00,0.00,
9.81,-0.07,0.06,-0.00,-0.00,0.00,
9.73,0.23,0.08,-0.00,-0.00,-0.00,
9.77,0.01,0.08,-0.00,-0.00,-0.00,
9.85,-0.03,0.05,-0.00,-0.00,0.00,
9.77,0.15,0.07,-0.00,-0.00,-0.00,
9.77,0.03,0.07,-0.00,-0.00,-0.00,
9.83,-0.00,0.05,-0.00,-0.00,0.00,
9.80,0.09,0.07,-0.00,-0.00,-0.00,
9.80,0.03,0.06,-0.00,0.00,-0.00,
9.78,0.03,0.05,-0.00,0.00,-0.00,
9.83,0.06,0.05,-0.00,-0.00,-0.00,
9.80,0.03,0.10,-0.00,-0.00,-0.00,
9.85,0.05,0.11,-0.00,-0.00,-0.00,
9.81,0.05,0.11,-0.00,-0.00,-0.00,
9.77,0.05,0.05,-0.00,-0.01,-0.00,
9.82,0.04,0.12,-0.00,-0.00,-0.00,
9.77,0.04,0.06,-0.00,-0.00,0.00,
9.79,0.02,0.04,-0.00,-0.00,0.00,
9.80,0.05,0.08,-0.00,-0.00,-0.00,
9.80,0.07,0.09,-0.00,-0.00,-0.00,
9.77,0.04,0.11,-0.00,-0.00,-0.00,
9.80,0.05,0.06,-0.00,-0.00,-0.00,
9.80,0.06,0.07,-0.00,-0.00,0.00,
9.84,0.04,0.10,-0.00,-0.00,-0.00,
9.80,0.03,0.08,-0.00,-0.00,0.00,
9.80,0.05,0.09,-0.00,-0.00,-0.00,
9.81,0.04,0.03,-0.00,-0.00,-0.00,
9.71,0.01,-0.00,-0.00,0.00,0.00,
9.80,0.04,0.08,-0.00,0.00,-0.00,
9.77,0.05,0.04,-0.00,-0.00,-0.00,
9.80,0.03,0.07,-0.00,-0.00,0.00,
9.80,0.05,0.06,-0.00,-0.00,-0.00,
9.65,0.04,-0.07,-0.00,0.01,0.00,
10.14,1.37,0.93,0.06,0.01,-0.02,
9.91,1.01,0.06,-0.14,0.04,0.00,
9.91,-0.49,1.99,0.15,-0.10,-0.00,
9.86,0.01,0.23,-0.01,0.04,-0.01,
9.91,0.06,0.35,0.01,0.05,-0.00,
